timestamp,planner_id,planner_index,episode_id,episode_in_planner,slice_index,from_label,to_label,target_label,episode_time_s,distance_before,distance_after,goal_tolerance,goal_reached_after_slice,plan_success,exec_success,blocked_flag,planning_time_s,traj_full_duration_s,slice_duration_s,num_traj_points_full,num_traj_points_slice,blocked_slices_so_far_in_episode,total_planned_time_so_far_in_episode
1763955683.9461062,RRTConnectkConfigDefault,0,0,0,0,START,A,A,0.30216169357299805,1.2280964945801285,0.9147537204104744,0.03,0,1,1,0,0.23675251007080078,3.120658356,1.3848862149999999,56,24,0,1.3848862149999999
1763955686.2264538,RRTConnectkConfigDefault,0,0,0,1,START,A,A,2.621493339538574,0.9147537204104744,1.2217312660880821,0.03,0,1,1,0,0.15822410583496094,5.58896077,1.367253366,79,18,0,2.752139581
1763955688.6295958,RRTConnectkConfigDefault,0,0,0,2,START,A,A,4.900653123855591,1.2217312660880821,0.8979272242298286,0.03,0,1,1,0,0.22802376747131348,3.733865442,1.3660927840000001,65,20,0,4.118232365
1763955690.8238657,RRTConnectkConfigDefault,0,0,0,3,START,A,A,7.326268434524536,0.8979272242298286,1.2394952128151704,0.03,0,1,1,0,0.10466790199279785,3.831719683,1.3853195710000001,82,24,0,5.503551936
1763955693.0231009,RRTConnectkConfigDefault,0,0,0,4,START,A,A,9.50932002067566,1.2394952128151704,0.8655747618638505,0.03,0,1,1,0,0.10318160057067871,3.069421177,1.377163953,54,23,0,6.880715889
1763955695.2265012,RRTConnectkConfigDefault,0,0,0,5,START,A,A,11.722312927246094,0.8655747618638505,1.2094729805111217,0.03,0,1,1,0,0.12606382369995117,3.592166093,1.396771595,57,20,0,8.277487484
1763955697.637787,RRTConnectkConfigDefault,0,0,0,6,START,A,A,13.909817695617676,1.2094729805111217,1.0594350595904105,0.03,0,1,1,0,0.15924668312072754,3.6663658850000003,1.3867392889999999,70,22,0,9.664226773
1763955699.8551414,RRTConnectkConfigDefault,0,0,0,7,START,A,A,16.316522121429443,1.0594350595904105,0.8641981074445189,0.03,0,1,1,0,0.1276106834411621,3.288524524,1.374455967,58,22,0,11.038682739999999
1763955702.0367885,RRTConnectkConfigDefault,0,0,0,8,START,A,A,18.56722378730774,0.8641981074445189,1.2166397204975719,0.03,0,1,1,0,0.12803864479064941,3.888266965,1.397254921,86,26,0,12.435937660999999
1763955704.3527708,RRTConnectkConfigDefault,0,0,0,9,START,A,A,20.714429140090942,1.2166397204975719,1.205872518375308,0.03,0,1,1,0,0.18191862106323242,5.91717956,1.3824428260000001,86,20,0,13.818380486999999
1763955706.565283,RRTConnectkConfigDefault,0,0,0,10,START,A,A,23.019176244735718,1.205872518375308,1.127963313587512,0.03,0,1,1,0,0.12868118286132812,5.005626178,1.382077324,63,19,0,15.200457811
1763955711.7933953,RRTConnectkConfigDefault,0,0,0,11,START,A,A,25.22571587562561,1.127963313587512,1.127963313587512,0.03,0,0,0,1,5.137498140335083,0.0,0.0,0,0,1,15.200457811
1763955714.1956398,RRTConnectkConfigDefault,0,0,0,12,START,A,A,30.502102613449097,1.127963313587512,1.1515279231764364,0.03,0,1,1,0,0.20790696144104004,5.6927755399999995,1.344496839,70,11,1,16.54495465
1763955716.5238013,RRTConnectkConfigDefault,0,0,0,13,START,A,A,32.87879991531372,1.1515279231764364,0.8744640833735651,0.03,0,1,1,0,0.1386420726776123,3.017480899,1.389915476,52,23,1,17.934870126
1763955718.7084825,RRTConnectkConfigDefault,0,0,0,14,START,A,A,35.170225381851196,0.8744640833735651,0.2884390875122856,0.03,0,1,1,0,0.12011885643005371,2.320893841,1.3759274000000001,30,20,1,19.310797526
1763955720.8000915,RRTConnectkConfigDefault,0,0,0,15,START,A,A,37.375483751297,0.2884390875122856,7.620373559749079e-05,0.03,1,1,1,0,0.20662832260131836,1.263494412,1.263494412,11,11,1,20.574291938000002
1763955722.9939747,RRTConnectkConfigDefault,0,1,1,0,A,B,B,0.10252881050109863,1.4500275598712606,1.3343271833237946,0.03,0,1,1,0,0.1201622486114502,4.009329491,1.362828066,61,16,0,1.362828066
1763955728.2128098,RRTConnectkConfigDefault,0,1,1,1,A,B,B,2.290968418121338,1.3343271833237946,1.3343271833237946,0.03,0,0,0,1,5.111522674560547,0.0,0.0,0,0,1,1.362828066
1763955730.42184,RRTConnectkConfigDefault,0,1,1,2,A,B,B,7.463945627212524,1.3343271833237946,0.9779343350618188,0.03,0,1,1,0,0.11617231369018555,3.274128958,1.365145694,45,17,1,2.7279737600000002
1763955732.5918686,RRTConnectkConfigDefault,0,1,1,3,A,B,B,9.70855975151062,0.9779343350618188,0.9104595901108556,0.03,0,1,1,0,0.08208656311035156,4.261184355,1.352707368,62,15,1,4.080681128
1763955734.8569748,RRTConnectkConfigDefault,0,1,1,4,A,B,B,11.864827156066895,0.9104595901108556,0.30386970543332764,0.03,0,1,1,0,0.20827078819274902,2.250481383,1.366495329,23,16,1,5.447176457
1763955736.8501332,RRTConnectkConfigDefault,0,1,1,5,A,B,B,14.168708324432373,0.30386970543332764,8.87951832017329e-05,0.03,1,1,1,0,0.15827059745788574,1.226585235,1.226585235,8,8,1,6.673761692
1763955739.2596817,RRTConnectkConfigDefault,0,2,2,0,B,A,A,0.20142531394958496,1.4499839300406359,1.3208962027546436,0.03,0,1,1,0,0.1922295093536377,4.342003684,1.368360151,82,20,0,1.368360151
1763955741.5570323,RRTConnectkConfigDefault,0,2,2,1,B,A,A,2.4992823600769043,1.3208962027546436,1.0071047668291944,0.03,0,1,1,0,0.1946852207183838,3.595152079,1.350294099,47,15,0,2.71865425
1763955743.8506572,RRTConnectkConfigDefault,0,2,2,2,B,A,A,4.800450801849365,1.0071047668291944,0.5870825099119623,0.03,0,1,1,0,0.18886041641235352,2.936451764,1.350210603,33,15,0,4.068864853
1763955746.056825,RRTConnectkConfigDefault,0,2,2,3,B,A,A,7.1005542278289795,0.5870825099119623,0.1579402964791736,0.03,0,1,1,0,0.13642311096191406,2.175892546,1.363565352,19,14,0,5.432430205
1763955747.9509382,RRTConnectkConfigDefault,0,2,2,4,B,A,A,9.300094366073608,0.1579402964791736,7.180195122820711e-05,0.03,1,1,1,0,0.16200852394104004,1.108658816,1.108658816,6,6,0,6.541089021
1763955750.1649306,RRTConnectkConfigDefault,0,3,3,0,A,B,B,0.09175348281860352,1.4500395067708745,1.4359334614410715,0.03,0,1,1,0,0.1653449535369873,4.49459857,1.396136681,78,18,0,1.396136681
1763955752.3538537,RRTConnectkConfigDefault,0,3,3,1,A,B,B,2.2962074279785156,1.4359334614410715,1.2438608882027022,0.03,0,1,1,0,0.133833646774292,3.661054363,1.35635331,53,16,0,2.752489991
1763955754.6354418,RRTConnectkConfigDefault,0,3,3,2,A,B,B,4.53125524520874,1.2438608882027022,0.8811199617056323,0.03,0,1,1,0,0.14961838722229004,7.276498049,1.399043265,67,12,0,4.1515332560000004
1763955757.342216,RRTConnectkConfigDefault,0,3,3,3,A,B,B,6.837514400482178,0.8811199617056323,0.9409461733129748,0.03,0,1,1,0,0.15848135948181152,6.139429169,1.387238247,75,8,0,5.538771503
1763955759.5542636,RRTConnectkConfigDefault,0,3,3,4,A,B,B,9.526668071746826,0.9409461733129748,0.8646721996526198,0.03,0,1,1,0,0.06911945343017578,3.296284723,1.371814288,40,15,0,6.910585791000001
1763955761.7453883,RRTConnectkConfigDefault,0,3,3,5,A,B,B,11.679356336593628,0.8646721996526198,0.4609404917228912,0.03,0,1,1,0,0.15108013153076172,2.638730852,1.398232003,26,15,0,8.308817794000001
1763955763.9430008,RRTConnectkConfigDefault,0,3,3,6,A,B,B,13.884522676467896,0.4609404917228912,0.0746959578451868,0.03,0,1,1,0,0.14372038841247559,1.740368228,1.263812497,14,12,0,9.572630291000001
1763955765.4439795,RRTConnectkConfigDefault,0,3,3,7,A,B,B,16.079447031021118,0.0746959578451868,5.9751842527111965e-05,0.03,1,1,1,0,0.135300874710083,0.684736183,0.684736183,3,3,0,10.257366474000001
1763955767.640411,RRTConnectkConfigDefault,0,4,4,0,B,A,A,0.10339546203613281,1.4499433748738977,1.3215494864312352,0.03,0,1,1,0,0.13255047798156738,3.890548129,1.357774077,53,15,0,1.357774077
1763955769.9455724,RRTConnectkConfigDefault,0,4,4,1,B,A,A,2.2960710525512695,1.3215494864312352,1.3890414369679658,0.03,0,1,1,0,0.1576223373413086,5.187411953,1.3658949950000001,93,16,0,2.723669072
1763955772.1410432,RRTConnectkConfigDefault,0,4,4,2,B,A,A,4.5943686962127686,1.3890414369679658,1.2634417561837974,0.03,0,1,1,0,0.12592077255249023,4.359332676,1.362434831,79,18,0,4.086103903
1763955774.3455944,RRTConnectkConfigDefault,0,4,4,3,B,A,A,6.805580377578735,1.2634417561837974,1.0242211774027536,0.03,0,1,1,0,0.14379119873046875,3.5369046539999998,1.3773200669999999,63,21,0,5.463423969999999
1763955776.6475077,RRTConnectkConfigDefault,0,4,4,4,B,A,A,8.995845794677734,1.0242211774027536,0.9097942539318794,0.03,0,1,1,0,0.16983771324157715,4.124245773,1.358314764,64,16,0,6.821738733999999
1763955778.9418156,RRTConnectkConfigDefault,0,4,4,5,B,A,A,11.31083083152771,0.9097942539318794,0.7165793909817587,0.03,0,1,1,0,0.16576027870178223,3.892607596,1.3661629290000001,64,18,0,8.187901663
1763955781.1682591,RRTConnectkConfigDefault,0,4,4,6,B,A,A,13.593693971633911,0.7165793909817587,1.1894768425870308,0.03,0,1,1,0,0.17135381698608398,4.336101498,1.378124018,85,20,0,9.566025681
1763955783.44447,RRTConnectkConfigDefault,0,4,4,7,B,A,A,15.80420470237732,1.1894768425870308,0.9902510821699716,0.03,0,1,1,0,0.12972784042358398,4.065204913,1.361841389,49,15,0,10.92786707
1763955785.7518673,RRTConnectkConfigDefault,0,4,4,8,B,A,A,18.09472966194153,0.9902510821699716,1.1782946479476781,0.03,0,1,1,0,0.13157987594604492,3.734995708,1.370849166,73,18,0,12.298716235999999
1763955788.041856,RRTConnectkConfigDefault,0,4,4,9,B,A,A,20.398569583892822,1.1782946479476781,1.1289683116458018,0.03,0,1,1,0,0.2356550693511963,5.4831681230000004,1.393119478,74,19,0,13.691835714
1763955790.3468928,RRTConnectkConfigDefault,0,4,4,10,B,A,A,22.702141523361206,1.1289683116458018,1.1773634048512829,0.03,0,1,1,0,0.16893315315246582,3.734346452,1.391362824,74,23,0,15.083198538
1763955792.6419215,RRTConnectkConfigDefault,0,4,4,11,B,A,A,25.00337314605713,1.1773634048512829,1.0600955002067576,0.03,0,1,1,0,0.2071685791015625,3.703451078,1.383516298,62,19,0,16.466714836
1763955795.0435252,RRTConnectkConfigDefault,0,4,4,12,B,A,A,27.299030303955078,1.0600955002067576,0.7338592135180926,0.03,0,1,1,0,0.21628499031066895,3.056440914,1.388327359,44,19,0,17.855042195000003
1763955797.2428133,RRTConnectkConfigDefault,0,4,4,13,B,A,A,29.701829433441162,0.7338592135180926,0.2560198515072384,0.03,0,1,1,0,0.2361593246459961,2.284112673,1.371023957,26,18,0,19.226066152
1763955799.3457673,RRTConnectkConfigDefault,0,4,4,14,B,A,A,31.894622087478638,0.2560198515072384,7.435620481024518e-05,0.03,1,1,1,0,0.21331524848937988,1.219546406,1.219546406,9,9,0,20.445612558
1763955801.5465696,RRTConnectkConfigDefault,0,5,5,0,A,B,B,0.11542034149169922,1.4499779130223955,1.377974377506722,0.03,0,1,1,0,0.11183977127075195,3.972505776,1.394978485,66,19,0,1.394978485
1763955803.8409643,RRTConnectkConfigDefault,0,5,5,1,A,B,B,2.297008752822876,1.377974377506722,1.3137613351519692,0.03,0,1,1,0,0.2514820098876953,3.689407268,1.349800898,40,12,0,2.744779383
1763955806.042763,RRTConnectkConfigDefault,0,5,5,2,A,B,B,4.5999436378479,1.3137613351519692,0.9541530239130761,0.03,0,1,1,0,0.1482677459716797,3.072593102,1.352268155,26,11,0,4.097047538
1763955808.2598498,RRTConnectkConfigDefault,0,5,5,3,A,B,B,6.798267126083374,0.9541530239130761,0.3664593357736487,0.03,0,1,1,0,0.14084577560424805,2.334231485,1.3576604030000001,24,16,0,5.454707941000001
1763955810.644092,RRTConnectkConfigDefault,0,5,5,4,A,B,B,8.993385076522827,0.3664593357736487,7.596969055046492e-05,0.03,1,1,1,0,0.1454908847808838,1.380408921,1.380408921,7,7,0,6.8351168620000005
1763955813.8440504,RRTConnectkConfigDefault,0,6,6,0,B,A,A,0.11263918876647949,1.449960636503775,1.2967092554136135,0.03,0,1,1,0,0.13370275497436523,4.207786379,1.3909587,70,18,0,1.3909587
1763955816.3867133,RRTConnectkConfigDefault,0,6,6,1,B,A,A,3.6491997241973877,1.2967092554136135,1.0045523606113027,0.03,0,1,1,0,0.14298462867736816,3.906518799,1.381747639,60,17,0,2.772706339
1763955818.5858881,RRTConnectkConfigDefault,0,6,6,2,B,A,A,5.839473485946655,1.0045523606113027,0.8421537598222046,0.03,0,1,1,0,0.13226079940795898,4.007104798,1.375142482,57,15,0,4.147848821
1763955820.8188071,RRTConnectkConfigDefault,0,6,6,3,B,A,A,8.078245878219604,0.8421537598222046,0.5936480345841392,0.03,0,1,1,0,0.11634683609008789,3.4398490600000002,1.371938041,44,15,0,5.519786862
1763955822.9866679,RRTConnectkConfigDefault,0,6,6,4,B,A,A,10.278009414672852,0.5936480345841392,0.2802720168588057,0.03,0,1,1,0,0.12244629859924316,2.787569681,1.372662291,29,15,0,6.892449153
1763955825.0856476,RRTConnectkConfigDefault,0,6,6,5,B,A,A,12.44294810295105,0.2802720168588057,0.051894697186837264,0.03,0,1,1,0,0.1154634952545166,1.940474616,1.333627235,16,13,0,8.226076388000001
1763955826.6870613,RRTConnectkConfigDefault,0,6,6,6,B,A,A,14.580352306365967,0.051894697186837264,7.975234890383588e-05,0.03,1,1,1,0,0.08570098876953125,0.824747378,0.824747378,4,4,0,9.050823766
1763955828.888123,RRTConnectkConfigDefault,0,7,7,0,A,B,B,0.09779953956604004,1.4500434934092028,1.4182897393679734,0.03,0,1,1,0,0.16233372688293457,7.176940847,1.394714362,96,17,0,1.394714362
1763955831.1996677,RRTConnectkConfigDefault,0,7,7,1,A,B,B,2.2982125282287598,1.4182897393679734,1.298676103024702,0.03,0,1,1,0,0.22131919860839844,4.113224092,1.3729587890000001,61,16,0,2.7676731510000003
1763955833.488619,RRTConnectkConfigDefault,0,7,7,2,A,B,B,4.606011390686035,1.298676103024702,1.0179731997773613,0.03,0,1,1,0,0.19866442680358887,3.194757437,1.361172865,33,13,0,4.128846016000001
1763955835.6872597,RRTConnectkConfigDefault,0,7,7,3,A,B,B,6.90807032585144,1.0179731997773613,0.4914308838749355,0.03,0,1,1,0,0.12151122093200684,2.4860765750000002,1.371113635,21,13,0,5.499959651000001
1763955837.8862293,RRTConnectkConfigDefault,0,7,7,4,A,B,B,9.100549221038818,0.4914308838749355,0.652828494552186,0.03,0,1,1,0,0.13933467864990234,4.168624703,1.395180192,61,16,0,6.895139843000001
1763955840.0897121,RRTConnectkConfigDefault,0,7,7,5,A,B,B,11.29808521270752,0.652828494552186,0.5118924054198023,0.03,0,1,1,0,0.1669464111328125,4.009714281,1.396148771,58,16,0,8.291288614
1763955842.3971288,RRTConnectkConfigDefault,0,7,7,6,A,B,B,13.495503425598145,0.5118924054198023,0.8659942851562807,0.03,0,1,1,0,0.18246936798095703,3.728708981,1.368470833,74,23,0,9.659759447
1763955844.5912735,RRTConnectkConfigDefault,0,7,7,7,A,B,B,15.802016019821167,0.8659942851562807,0.8463717083612454,0.03,0,1,1,0,0.12217450141906738,3.8438186180000002,1.3602364200000001,54,15,0,11.019995867
1763955846.7897499,RRTConnectkConfigDefault,0,7,7,8,A,B,B,18.009186029434204,0.8463717083612454,0.5644944311137685,0.03,0,1,1,0,0.14491796493530273,3.014811949,1.3914900430000001,47,21,0,12.41148591
1763955849.0881805,RRTConnectkConfigDefault,0,7,7,9,A,B,B,20.19505262374878,0.5644944311137685,0.39120144697818765,0.03,0,1,1,0,0.17423391342163086,3.573875454,1.37574598,46,15,0,13.78723189
1763955851.2853868,RRTConnectkConfigDefault,0,7,7,10,A,B,B,22.519688606262207,0.39120144697818765,0.027410193370400928,0.03,1,1,1,0,0.14138388633728027,1.70198187,1.397989822,16,15,0,15.185221711999999
1763955853.4889255,RRTConnectkConfigDefault,0,8,8,0,B,A,A,0.11923980712890625,1.4483157545448526,1.2944225745737308,0.03,0,1,1,0,0.11153578758239746,3.807620262,1.392116143,60,18,0,1.392116143
1763955855.8124623,RRTConnectkConfigDefault,0,8,8,1,B,A,A,2.3241941928863525,1.2944225745737308,1.0899977200217223,0.03,0,1,1,0,0.1945030689239502,3.853091483,1.386056208,65,19,0,2.7781723510000003
1763955858.001604,RRTConnectkConfigDefault,0,8,8,2,B,A,A,4.5989830493927,1.0899977200217223,0.6434135410497092,0.03,0,1,1,0,0.14725303649902344,3.133791817,1.379021087,60,25,0,4.157193438
1763955860.1892157,RRTConnectkConfigDefault,0,8,8,3,B,A,A,6.8031768798828125,0.6434135410497092,0.38520534041652016,0.03,0,1,1,0,0.14699912071228027,3.712485004,1.373935827,55,17,0,5.531129265000001
1763955862.8657176,RRTConnectkConfigDefault,0,8,8,4,B,A,A,9.015539646148682,0.38520534041652016,0.9030048273634728,0.03,0,1,1,0,0.12608838081359863,3.819475141,1.3870431509999999,67,20,0,6.918172416000001
1763955865.062206,RRTConnectkConfigDefault,0,8,8,5,B,A,A,11.68807601928711,0.9030048273634728,0.9663911446595708,0.03,0,1,1,0,0.12018203735351562,3.124002163,1.3778154329999999,48,20,0,8.295987849000001
1763955867.3695705,RRTConnectkConfigDefault,0,8,8,6,B,A,A,13.87606406211853,0.9663911446595708,1.0693695675903916,0.03,0,1,1,0,0.19630980491638184,4.227180313,1.371526823,81,21,0,9.667514672000001
1763955869.6848288,RRTConnectkConfigDefault,0,8,8,7,B,A,A,16.17812490463257,1.0693695675903916,1.2476457343650809,0.03,0,1,1,0,0.19392752647399902,3.749234017,1.370318465,71,22,0,11.037833137000002
1763955871.9650505,RRTConnectkConfigDefault,0,8,8,8,B,A,A,18.47547936439514,1.2476457343650809,1.2161019380671911,0.03,0,1,1,0,0.1775658130645752,3.6969907170000003,1.368099752,77,24,0,12.405932889000002
1763955874.1670759,RRTConnectkConfigDefault,0,8,8,9,B,A,A,20.779616355895996,1.2161019380671911,0.7813988247330913,0.03,0,1,1,0,0.16141271591186523,3.007486759,1.368074573,54,24,0,13.774007462000002
1763955876.4629464,RRTConnectkConfigDefault,0,8,8,10,B,A,A,22.99748945236206,0.7813988247330913,0.195542112129703,0.03,0,1,1,0,0.10292387008666992,2.169020283,1.391508531,31,23,0,15.165515993000001
1763955878.3887906,RRTConnectkConfigDefault,0,8,8,11,B,A,A,25.278079748153687,0.195542112129703,6.254113583068816e-05,0.03,1,1,1,0,0.1359858512878418,1.091667624,1.091667624,9,9,0,16.257183617000003
1763955880.5757525,RRTConnectkConfigDefault,0,9,9,0,A,B,B,0.08336448669433594,1.4499396850379807,1.509072338085965,0.03,0,1,1,0,0.15294981002807617,4.340887259,1.349059399,63,14,0,1.349059399
1763955882.7913005,RRTConnectkConfigDefault,0,9,9,1,A,B,B,2.2833895683288574,1.509072338085965,1.4615863640082492,0.03,0,1,1,0,0.17548131942749023,4.83825502,1.398109615,83,17,0,2.747169014
1763955885.0276399,RRTConnectkConfigDefault,0,9,9,2,A,B,B,4.486160755157471,1.4615863640082492,1.1609172987945244,0.03,0,1,1,0,0.17682433128356934,6.199778819,1.354973517,87,16,0,4.102142531
1763955887.2238996,RRTConnectkConfigDefault,0,9,9,3,A,B,B,6.726118803024292,1.1609172987945244,1.1960751542272827,0.03,0,1,1,0,0.16382598876953125,3.911514944,1.363838856,67,19,0,5.465981387
1763955889.5235174,RRTConnectkConfigDefault,0,9,9,4,A,B,B,8.92675495147705,1.1960751542272827,1.051944896976681,0.03,0,1,1,0,0.23659801483154297,3.220006035,1.388677438,47,19,0,6.8546588250000005
1763955891.734546,RRTConnectkConfigDefault,0,9,9,5,A,B,B,11.249407768249512,1.051944896976681,1.0772714826411707,0.03,0,1,1,0,0.11174917221069336,4.4129297,1.3524618529999999,55,12,0,8.207120678
1763955893.9270334,RRTConnectkConfigDefault,0,9,9,6,A,B,B,13.425294637680054,1.0772714826411707,0.9372400625955871,0.03,0,1,1,0,0.14724493026733398,3.813927539,1.379277755,58,17,0,9.586398433000001
1763955896.1215494,RRTConnectkConfigDefault,0,9,9,7,A,B,B,15.626252889633179,0.9372400625955871,0.7467390896301679,0.03,0,1,1,0,0.13224506378173828,4.15760141,1.3575861900000001,52,15,0,10.943984623000002
1763955898.4167747,RRTConnectkConfigDefault,0,9,9,8,A,B,B,17.830308437347412,0.7467390896301679,0.8838180676509882,0.03,0,1,1,0,0.17551302909851074,3.99580343,1.378152983,68,19,0,12.322137606000002
1763955900.6175861,RRTConnectkConfigDefault,0,9,9,9,A,B,B,20.129679679870605,0.8838180676509882,0.4141081810991576,0.03,0,1,1,0,0.17661046981811523,2.408893491,1.388341193,34,22,0,13.710478799000002
1763955902.5305543,RRTConnectkConfigDefault,0,9,9,10,A,B,B,22.32558250427246,0.4141081810991576,0.033621254437932305,0.03,0,1,1,0,0.16240286827087402,1.4021032199999999,1.1277960949999999,14,13,0,14.838274894000001
1763955903.6164408,RRTConnectkConfigDefault,0,9,9,11,A,B,B,24.22939372062683,0.033621254437932305,5.923566947702954e-05,0.03,1,1,1,0,0.11794400215148926,0.27522078,0.27522078,2,2,0,15.113495674000001
1763955905.8208637,RRTstarkConfigDefault,1,10,0,0,B,A,A,0.13341736793518066,1.4500104737795942,1.2971030154019343,0.03,0,1,1,0,0.13025307655334473,4.875114817,1.356879731,63,15,0,1.356879731
1763955908.1218963,RRTstarkConfigDefault,1,10,0,1,B,A,A,2.375960350036621,1.2971030154019343,1.2901448583547739,0.03,0,1,1,0,0.10533404350280762,3.858441225,1.398796792,73,22,0,2.755676523
1763955910.3163843,RRTstarkConfigDefault,1,10,0,2,B,A,A,4.633128881454468,1.2901448583547739,1.2200538459389805,0.03,0,1,1,0,0.15233182907104492,3.466289914,1.370520792,70,24,0,4.126197315
1763955912.6167288,RRTstarkConfigDefault,1,10,0,3,B,A,A,6.800680160522461,1.2200538459389805,1.1807746130135182,0.03,0,1,1,0,0.16469883918762207,3.181729403,1.388648116,58,24,0,5.5148454309999995
1763955914.9218607,RRTstarkConfigDefault,1,10,0,4,B,A,A,9.093783855438232,1.1807746130135182,0.8942013315147718,0.03,0,1,1,0,0.11844897270202637,3.786057713,1.378489187,74,22,0,6.893334617999999
1763955917.4173565,RRTstarkConfigDefault,1,10,0,5,B,A,A,11.399621486663818,0.8942013315147718,1.152307691568929,0.03,0,1,1,0,0.3591129779815674,3.695369683,1.379004525,77,24,0,8.272339143
1763955919.6189597,RRTstarkConfigDefault,1,10,0,6,B,A,A,13.917589664459229,1.152307691568929,1.0327549674268983,0.03,0,1,1,0,0.07667684555053711,3.25614547,1.370929125,54,21,0,9.643268268
1763955921.8616405,RRTstarkConfigDefault,1,10,0,7,B,A,A,16.101377964019775,1.0327549674268983,0.9089502593598197,0.03,0,1,1,0,0.1479485034942627,4.623685655,1.385017849,66,14,0,11.028286117
1763955924.146418,RRTstarkConfigDefault,1,10,0,8,B,A,A,18.29378581047058,0.9089502593598197,1.137182371855348,0.03,0,1,1,0,0.2480778694152832,3.688303399,1.385890035,70,22,0,12.414176152
1763955926.420788,RRTstarkConfigDefault,1,10,0,9,B,A,A,20.59349775314331,1.137182371855348,1.1049911934452301,0.03,0,1,1,0,0.2073514461517334,4.078531515,1.389346532,85,23,0,13.803522683999999
1763955928.6388943,RRTstarkConfigDefault,1,10,0,10,B,A,A,22.91178846359253,1.1049911934452301,0.8611713257626762,0.03,0,1,1,0,0.1591334342956543,4.482611852,1.376320161,65,16,0,15.179842845
1763955930.924366,RRTstarkConfigDefault,1,10,0,11,B,A,A,25.100775241851807,0.8611713257626762,1.137296502667199,0.03,0,1,1,0,0.19554662704467773,3.7265988979999998,1.391723596,78,24,0,16.571566440999998
1763955933.2176857,RRTstarkConfigDefault,1,10,0,12,B,A,A,27.398597478866577,1.137296502667199,1.2287873291741003,0.03,0,1,1,0,0.15913176536560059,5.851692226,1.369440579,76,16,0,17.941007019999997
1763955935.4373896,RRTstarkConfigDefault,1,10,0,13,B,A,A,29.697731733322144,1.2287873291741003,0.8879022790655635,0.03,0,1,1,0,0.11457562446594238,3.117904201,1.385497672,50,21,0,19.326504691999997
1763955937.6171927,RRTstarkConfigDefault,1,10,0,14,B,A,A,31.893769025802612,0.8879022790655635,0.3043426185259075,0.03,0,1,1,0,0.15089130401611328,2.240391213,1.383668953,31,22,0,20.710173644999998
1763955939.5324607,RRTstarkConfigDefault,1,10,0,15,B,A,A,34.099467515945435,0.3043426185259075,6.691073932607286e-05,0.03,1,1,1,0,0.17574334144592285,1.19159155,1.19159155,10,10,0,21.901765194999996
1763955941.8175218,RRTstarkConfigDefault,1,11,1,0,A,B,B,0.08840060234069824,1.4500629747596367,1.4026091073251272,0.03,0,1,1,0,0.18884682655334473,4.340444953,1.362364978,65,15,0,1.362364978
1763955944.025032,RRTstarkConfigDefault,1,11,1,1,A,B,B,2.3729135990142822,1.4026091073251272,0.9546469232234196,0.03,0,1,1,0,0.12264370918273926,3.443977557,1.367895115,52,18,0,2.730260093
1763955946.3286912,RRTstarkConfigDefault,1,11,1,2,A,B,B,4.57199239730835,0.9546469232234196,0.6092750061591783,0.03,0,1,1,0,0.1810469627380371,3.91641239,1.345215031,48,13,0,4.0754751240000004
1763955948.6162841,RRTstarkConfigDefault,1,11,1,3,A,B,B,6.867396354675293,0.6092750061591783,0.1881491834646123,0.03,0,1,1,0,0.1222219467163086,2.141563692,1.32298016,21,15,0,5.398455284000001
1763955950.5170536,RRTstarkConfigDefault,1,11,1,4,A,B,B,9.166518449783325,0.1881491834646123,9.723437886580659e-05,0.03,1,1,1,0,0.15395307540893555,1.135736154,1.135736154,7,7,0,6.534191438000001
1763955952.7157884,RRTstarkConfigDefault,1,12,2,0,B,A,A,0.10006594657897949,1.4499255086954759,1.3444558752345779,0.03,0,1,1,0,0.1460578441619873,4.927283375,1.3947680359999999,72,15,0,1.3947680359999999
1763955954.9467838,RRTstarkConfigDefault,1,12,2,1,B,A,A,2.3051376342773438,1.3444558752345779,1.219360692246636,0.03,0,1,1,0,0.11609101295471191,7.524415175,1.3433283409999999,92,20,0,2.7380963769999997
1763955957.3179748,RRTstarkConfigDefault,1,12,2,2,B,A,A,4.5091047286987305,1.219360692246636,1.2233548769520128,0.03,0,1,1,0,0.2186572551727295,5.8497393970000005,1.357629002,74,15,0,4.095725378999999
1763955962.554268,RRTstarkConfigDefault,1,12,2,3,B,A,A,6.899249076843262,1.2233548769520128,1.2233548769520128,0.03,0,0,0,1,5.130026578903198,0.0,0.0,0,0,1,4.095725378999999
1763955964.705145,RRTstarkConfigDefault,1,12,2,4,B,A,A,12.107675552368164,1.2233548769520128,0.772768111849487,0.03,0,1,1,0,0.10889983177185059,3.281860242,1.387889757,62,24,1,5.483615135999999
1763955967.0072203,RRTstarkConfigDefault,1,12,2,5,B,A,A,14.304009914398193,0.772768111849487,1.2231561140450307,0.03,0,1,1,0,0.18233990669250488,4.113796207,1.392152622,85,23,1,6.875767757999999
1763955969.3162959,RRTstarkConfigDefault,1,12,2,6,B,A,A,16.600576400756836,1.2231561140450307,1.004833818589445,0.03,0,1,1,0,0.2640805244445801,4.166876237,1.386936429,79,20,1,8.262704186999999
1763955971.506923,RRTstarkConfigDefault,1,12,2,7,B,A,A,18.898475885391235,1.004833818589445,1.2412281903222266,0.03,0,1,1,0,0.14656281471252441,3.883896388,1.390097108,81,24,1,9.652801295
1763955973.8061626,RRTstarkConfigDefault,1,12,2,8,B,A,A,21.09866213798523,1.2412281903222266,1.1373274819037362,0.03,0,1,1,0,0.13381385803222656,3.992593356,1.395351157,69,19,1,11.048152452
1763955976.012917,RRTstarkConfigDefault,1,12,2,9,B,A,A,23.405359506607056,1.1373274819037362,0.9178321742805277,0.03,0,1,1,0,0.11345171928405762,3.536338605,1.355957717,53,17,1,12.404110168999999
1763955978.308037,RRTstarkConfigDefault,1,12,2,10,B,A,A,25.58606719970703,0.9178321742805277,1.0094430933702154,0.03,0,1,1,0,0.18785405158996582,3.624968592,1.379735165,63,20,1,13.783845333999999
1763955980.5116339,RRTstarkConfigDefault,1,12,2,11,B,A,A,27.892110347747803,1.0094430933702154,0.9254958934197081,0.03,0,1,1,0,0.11653971672058105,4.014162032,1.360468059,61,16,1,15.144313393
1763955982.730009,RRTstarkConfigDefault,1,12,2,12,B,A,A,30.086606740951538,0.9254958934197081,0.6910204382136539,0.03,0,1,1,0,0.12941575050354004,3.350562442,1.377326117,46,17,1,16.52163951
1763955988.018136,RRTstarkConfigDefault,1,12,2,13,B,A,A,32.29416370391846,0.6910204382136539,0.6910204382136539,0.03,0,0,0,1,5.195733308792114,0.0,0.0,0,0,2,16.52163951
1763955990.1862402,RRTstarkConfigDefault,1,12,2,14,B,A,A,37.56494379043579,0.6910204382136539,0.3434690239033443,0.03,0,1,1,0,0.12550568580627441,2.639850801,1.384352576,30,17,2,17.905992086
1763955992.490663,RRTstarkConfigDefault,1,12,2,15,B,A,A,39.76537752151489,0.3434690239033443,0.027092726877066826,0.03,1,1,1,0,0.22919821739196777,1.7054780040000002,1.375378598,14,13,2,19.281370684000002
1763955994.6883843,RRTstarkConfigDefault,1,13,3,0,A,B,B,0.09130096435546875,1.4536915995111663,1.4046937950703313,0.03,0,1,1,0,0.1499805450439453,4.22344787,1.377127637,76,19,0,1.377127637
1763955996.889384,RRTstarkConfigDefault,1,13,3,1,A,B,B,2.294675350189209,1.4046937950703313,1.057910484212309,0.03,0,1,1,0,0.11735296249389648,3.219622413,1.36174127,42,16,0,2.738868907
1763955999.1895366,RRTstarkConfigDefault,1,13,3,2,A,B,B,4.491069555282593,1.057910484212309,0.517896146705087,0.03,0,1,1,0,0.22809529304504395,2.536525858,1.3445795729999999,26,15,0,4.0834484799999995
1763956001.2882936,RRTstarkConfigDefault,1,13,3,3,A,B,B,6.840719223022461,0.517896146705087,0.049299315820526816,0.03,0,1,1,0,0.04033398628234863,1.662633474,1.308892549,12,11,0,5.392341029
1763956002.395285,RRTstarkConfigDefault,1,13,3,4,A,B,B,8.894197940826416,0.049299315820526816,8.226511796141722e-05,0.03,1,1,1,0,0.11714458465576172,0.354241725,0.354241725,2,2,0,5.746582753999999
1763956004.6849933,RRTstarkConfigDefault,1,14,4,0,B,A,A,0.10047221183776855,1.4499776516350507,1.2608400099617343,0.03,0,1,1,0,0.07519721984863281,3.936081379,1.377503369,65,18,0,1.377503369
1763956006.9847221,RRTstarkConfigDefault,1,14,4,1,B,A,A,2.3951339721679688,1.2608400099617343,1.4110964264837813,0.03,0,1,1,0,0.1360485553741455,4.58032989,1.372424202,80,17,0,2.7499275709999997
1763956009.2865477,RRTstarkConfigDefault,1,14,4,2,B,A,A,4.6896162033081055,1.4110964264837813,0.9399318379369579,0.03,0,1,1,0,0.21879267692565918,3.550287634,1.385016044,60,20,0,4.134943614999999
1763956011.590065,RRTstarkConfigDefault,1,14,4,3,B,A,A,6.991124153137207,0.9399318379369579,1.2791327520032532,0.03,0,1,1,0,0.20243549346923828,4.324863903,1.385779743,87,21,0,5.520723358
1763956013.790074,RRTstarkConfigDefault,1,14,4,4,B,A,A,9.28651213645935,1.2791327520032532,1.2228369671669135,0.03,0,1,1,0,0.13614249229431152,5.919171991,1.367142058,94,17,0,6.8878654159999995
1763956015.9999697,RRTstarkConfigDefault,1,14,4,5,B,A,A,11.489678382873535,1.2228369671669135,0.9910763792212258,0.03,0,1,1,0,0.1475658416748047,3.774220095,1.399140716,71,23,0,8.287006132
1763956018.2852347,RRTstarkConfigDefault,1,14,4,6,B,A,A,13.685719728469849,0.9910763792212258,0.6670255990556311,0.03,0,1,1,0,0.13186120986938477,3.702105426,1.375823757,59,18,0,9.662829889000001
1763956020.5040417,RRTstarkConfigDefault,1,14,4,7,B,A,A,15.987224102020264,0.6670255990556311,1.0090606135024107,0.03,0,1,1,0,0.16738271713256836,3.7075789869999998,1.383304136,68,21,0,11.046134025
1763956022.6981575,RRTstarkConfigDefault,1,14,4,8,B,A,A,18.19721508026123,1.0090606135024107,0.9617787908025354,0.03,0,1,1,0,0.12424135208129883,3.3051875219999998,1.372621526,67,25,0,12.418755551
1763956024.9844513,RRTstarkConfigDefault,1,14,4,9,B,A,A,20.389163494110107,0.9617787908025354,0.6223243996555023,0.03,0,1,1,0,0.1898484230041504,3.44603868,1.363470559,50,17,0,13.78222611
1763956027.1908724,RRTstarkConfigDefault,1,14,4,10,B,A,A,22.685738563537598,0.6223243996555023,0.7116925001487514,0.03,0,1,1,0,0.12154889106750488,3.76036204,1.375499404,61,18,0,15.157725514
1763956029.490478,RRTstarkConfigDefault,1,14,4,11,B,A,A,24.901106119155884,0.7116925001487514,1.2287493185040956,0.03,0,1,1,0,0.17645955085754395,3.9906076280000002,1.372758579,83,23,0,16.530484093
1763956031.7888212,RRTstarkConfigDefault,1,14,4,12,B,A,A,27.191312551498413,1.2287493185040956,0.6326813158098231,0.03,0,1,1,0,0.23114609718322754,2.730416139,1.3995956920000001,51,27,0,17.930079784999997
1763956034.006342,RRTstarkConfigDefault,1,14,4,13,B,A,A,29.501251459121704,0.6326813158098231,0.13469671495228014,0.03,0,1,1,0,0.20218324661254883,2.08639674,1.372818969,26,20,0,19.302898753999997
1763956036.1950386,RRTstarkConfigDefault,1,14,4,14,B,A,A,31.693336963653564,0.13469671495228014,0.42433446360932603,0.03,0,1,1,0,0.13766145706176758,6.680767022,1.39796261,85,6,0,20.700861363999998
1763956036.4173439,RRTstarkConfigDefault,1,14,4,15,B,A,A,33.888314962387085,0.42433446360932603,0.42433446360932603,0.03,0,0,0,1,0.12114858627319336,0.0,0.0,0,0,1,20.700861363999998
1763956038.5923235,RRTstarkConfigDefault,1,14,4,16,B,A,A,34.100440979003906,0.42433446360932603,0.6458186602786381,0.03,0,1,1,0,0.15119338035583496,5.350255188,1.358508947,95,6,1,22.059370311
1763956040.7855685,RRTstarkConfigDefault,1,14,4,17,B,A,A,36.28643035888672,0.6458186602786381,0.07412423244905833,0.03,0,1,1,0,0.11554193496704102,1.789645948,1.369453924,19,17,1,23.428824235
1763956042.1997585,RRTstarkConfigDefault,1,14,4,18,B,A,A,38.486138105392456,0.07412423244905833,8.252311670620078e-05,0.03,1,1,1,0,0.14768099784851074,0.617334223,0.617334223,3,3,1,24.046158458
1763956044.3850677,RRTstarkConfigDefault,1,15,5,0,A,B,B,0.08117914199829102,1.449964381720373,1.4914086883331459,0.03,0,1,1,0,0.1498410701751709,4.142303109,1.375922819,79,20,0,1.375922819
1763956046.4851668,RRTstarkConfigDefault,1,15,5,1,A,B,B,2.2736101150512695,1.4914086883331459,1.3459069018202021,0.03,0,1,1,0,0.13202142715454102,6.9647685809999995,1.399546477,94,22,0,2.775469296
1763956048.8004427,RRTstarkConfigDefault,1,15,5,2,A,B,B,4.3690505027771,1.3459069018202021,1.2428181497409079,0.03,0,1,1,0,0.20978808403015137,4.351262561,1.378798213,77,18,0,4.154267509
1763956050.9850194,RRTstarkConfigDefault,1,15,5,3,A,B,B,6.667701005935669,1.2428181497409079,0.96175135945983,0.03,0,1,1,0,0.1423172950744629,3.598505932,1.396488553,49,16,0,5.5507560620000005
1763956053.396038,RRTstarkConfigDefault,1,15,5,4,A,B,B,8.871151447296143,0.96175135945983,0.9976146235973931,0.03,0,1,1,0,0.17713117599487305,4.867737375,1.397740697,63,19,0,6.948496759
1763956055.6853335,RRTstarkConfigDefault,1,15,5,5,A,B,B,11.290085554122925,0.9976146235973931,0.446844791281511,0.03,0,1,1,0,0.22289037704467773,4.377046238,1.375048514,48,17,0,8.323545273
1763956057.898456,RRTstarkConfigDefault,1,15,5,6,A,B,B,13.576123714447021,0.446844791281511,0.16580046048694316,0.03,0,1,1,0,0.1894969940185547,2.243020633,1.352354553,26,18,0,9.675899826
1763956059.987083,RRTstarkConfigDefault,1,15,5,7,A,B,B,15.769663095474243,0.16580046048694316,7.384591158307139e-05,0.03,1,1,1,0,0.20096516609191895,1.196148779,1.196148779,8,8,0,10.872048605
1763956062.186815,RRTstarkConfigDefault,1,16,6,0,B,A,A,0.09827828407287598,1.4499327935664055,1.3467721786913993,0.03,0,1,1,0,0.1528337001800537,3.9786049869999998,1.398614145,74,21,0,1.398614145
1763956064.386341,RRTstarkConfigDefault,1,16,6,1,B,A,A,2.2967851161956787,1.3467721786913993,1.1463068698286434,0.03,0,1,1,0,0.13883018493652344,3.715840299,1.369089475,66,20,0,2.76770362
1763956066.6870766,RRTstarkConfigDefault,1,16,6,2,B,A,A,4.492665529251099,1.1463068698286434,1.3429820877665941,0.03,0,1,1,0,0.21860980987548828,3.614227342,1.365934505,69,23,0,4.133638125
1763956068.886279,RRTstarkConfigDefault,1,16,6,3,B,A,A,6.83655309677124,1.3429820877665941,1.1138482201022573,0.03,0,1,1,0,0.1315159797668457,3.376695598,1.370648211,61,22,0,5.504286336
1763956071.463517,RRTstarkConfigDefault,1,16,6,4,B,A,A,8.996787786483765,1.1138482201022573,0.986342645076218,0.03,0,1,1,0,0.13421893119812012,3.6495262349999997,1.364267188,72,22,0,6.868553523999999
1763956073.7635782,RRTstarkConfigDefault,1,16,6,5,B,A,A,11.607625961303711,0.986342645076218,0.7021322809689297,0.03,0,1,1,0,0.1544322967529297,2.993764299,1.365107712,51,22,0,8.233661236
1763956076.0693586,RRTstarkConfigDefault,1,16,6,6,B,A,A,13.891698837280273,0.7021322809689297,0.2508818597851756,0.03,0,1,1,0,0.15072131156921387,2.263646832,1.371990523,30,21,0,9.605651759
1763956078.064526,RRTstarkConfigDefault,1,16,6,7,B,A,A,16.18829345703125,0.2508818597851756,9.415054739672434e-05,0.03,1,1,1,0,0.15934133529663086,1.21615705,1.21615705,10,10,0,10.821808809
1763956080.2224123,RRTstarkConfigDefault,1,17,7,0,A,B,B,0.09814715385437012,1.4499534606547915,1.4189669207392825,0.03,0,1,1,0,0.13499093055725098,3.6711762820000002,1.370355158,55,17,0,1.370355158
1763956082.5177326,RRTstarkConfigDefault,1,17,7,1,A,B,B,2.2559421062469482,1.4189669207392825,1.3586804576958587,0.03,0,1,1,0,0.196211576461792,4.706544654,1.395862363,77,16,0,2.7662175209999997
1763956084.7216618,RRTstarkConfigDefault,1,17,7,2,A,B,B,4.550769805908203,1.3586804576958587,1.227535780110814,0.03,0,1,1,0,0.14909577369689941,4.377096283,1.380206844,69,17,0,4.146424365
1763956086.9236245,RRTstarkConfigDefault,1,17,7,3,A,B,B,6.76232123374939,1.227535780110814,0.8819351553073479,0.03,0,1,1,0,0.154738187789917,3.378704156,1.395241982,44,17,0,5.541666347
1763956089.135619,RRTstarkConfigDefault,1,17,7,4,A,B,B,8.954919338226318,0.8819351553073479,0.684355725321549,0.03,0,1,1,0,0.16522479057312012,3.271086679,1.390432214,40,16,0,6.932098561
1763956091.3208327,RRTstarkConfigDefault,1,17,7,5,A,B,B,11.153252840042114,0.684355725321549,0.9363195590102423,0.03,0,1,1,0,0.13079118728637695,3.666204306,1.383922365,66,21,0,8.316020926
1763956093.5177007,RRTstarkConfigDefault,1,17,7,6,A,B,B,13.352350234985352,0.9363195590102423,0.509078208525273,0.03,0,1,1,0,0.16551876068115234,2.452738596,1.392515805,33,21,0,9.708536731
1763956095.7198532,RRTstarkConfigDefault,1,17,7,7,A,B,B,15.557340383529663,0.509078208525273,0.32048658231969823,0.03,0,1,1,0,0.17507219314575195,3.440769578,1.37681345,52,18,0,11.085350181
1763956098.0322964,RRTstarkConfigDefault,1,17,7,8,A,B,B,17.766116619110107,0.32048658231969823,0.8126087088263896,0.03,0,1,1,0,0.19766974449157715,3.691426212,1.36554371,57,18,0,12.450893891000002
1763956100.3215091,RRTstarkConfigDefault,1,17,7,9,A,B,B,20.05224585533142,0.8126087088263896,0.8639102399547511,0.03,0,1,1,0,0.13724088668823242,4.035607808,1.36348973,59,16,0,13.814383621000001
1763956102.5262506,RRTstarkConfigDefault,1,17,7,10,A,B,B,22.355682373046875,0.8639102399547511,0.8304581761412777,0.03,0,1,1,0,0.13989639282226562,3.753492792,1.3678642810000001,62,19,0,15.182247902
1763956104.93118,RRTstarkConfigDefault,1,17,7,11,A,B,B,24.55102515220642,0.8304581761412777,0.8906010381757649,0.03,0,1,1,0,0.31690287590026855,4.013843724,1.390019581,60,16,0,16.572267483
1763956107.1354516,RRTstarkConfigDefault,1,17,7,12,A,B,B,27.005205392837524,0.8906010381757649,0.7038931053450586,0.03,0,1,1,0,0.1322638988494873,2.869185388,1.388064059,44,22,0,17.960331542000002
1763956109.4346194,RRTstarkConfigDefault,1,17,7,13,A,B,B,29.168715715408325,0.7038931053450586,0.5267803560314575,0.03,0,1,1,0,0.17444753646850586,3.562610403,1.3607176619999999,56,18,0,19.321049204
1763956111.6771345,RRTstarkConfigDefault,1,17,7,14,A,B,B,31.46414875984192,0.5267803560314575,0.21827574158994967,0.03,0,1,1,0,0.16400766372680664,2.309892744,1.39483069,29,20,0,20.715879894
1763956113.7581232,RRTstarkConfigDefault,1,17,7,15,A,B,B,33.69936156272888,0.21827574158994967,4.751621284527916e-05,0.03,1,1,1,0,0.1455059051513672,1.294266372,1.294266372,10,10,0,22.010146266
1763956115.9586174,RRTstarkConfigDefault,1,18,8,0,B,A,A,0.10424137115478516,1.4500247608057997,1.3511768081365132,0.03,0,1,1,0,0.12770986557006836,3.90999175,1.38395675,57,16,0,1.38395675
1763956118.1643357,RRTstarkConfigDefault,1,18,8,1,B,A,A,2.301398992538452,1.3511768081365132,0.9683867383130096,0.03,0,1,1,0,0.14645051956176758,3.451226471,1.383519387,65,23,0,2.767476137
1763956120.45909,RRTstarkConfigDefault,1,18,8,2,B,A,A,4.498617172241211,0.9683867383130096,0.5615421704938464,0.03,0,1,1,0,0.19652366638183594,3.9970050710000002,1.382008969,62,17,0,4.149485106
1763956122.6606286,RRTstarkConfigDefault,1,18,8,3,B,A,A,6.80067253112793,0.5615421704938464,1.0177014540126434,0.03,0,1,1,0,0.1284024715423584,3.688055538,1.399035534,72,23,0,5.5485206400000004
1763956124.858134,RRTstarkConfigDefault,1,18,8,4,B,A,A,9.005105972290039,1.0177014540126434,1.105350487727033,0.03,0,1,1,0,0.14017152786254883,3.682596673,1.375552491,77,24,0,6.924073131
1763956127.059004,RRTstarkConfigDefault,1,18,8,5,B,A,A,11.201489925384521,1.105350487727033,0.9708011209990389,0.03,0,1,1,0,0.1566617488861084,3.990945494,1.384446598,63,17,0,8.308519729
1763956129.257718,RRTstarkConfigDefault,1,18,8,6,B,A,A,13.406046867370605,0.9708011209990389,0.6171936502646789,0.03,0,1,1,0,0.1723942756652832,3.592709799,1.3806782819999999,55,18,0,9.689198011
1763956131.4584649,RRTstarkConfigDefault,1,18,8,7,B,A,A,15.601500749588013,0.6171936502646789,0.3945127883867327,0.03,0,1,1,0,0.131483793258667,3.639883845,1.368931668,61,20,0,11.058129679
1763956133.6586163,RRTstarkConfigDefault,1,18,8,8,B,A,A,17.798369646072388,0.3945127883867327,0.2255472140172282,0.03,0,1,1,0,0.1443767547607422,2.930773006,1.370723799,42,20,0,12.428853478
1763956135.8701742,RRTstarkConfigDefault,1,18,8,9,B,A,A,20.014474391937256,0.2255472140172282,0.051216322499854715,0.03,0,1,1,0,0.17421174049377441,1.963482808,1.3166805209999999,19,15,0,13.745533999000001
1763956138.1295245,RRTstarkConfigDefault,1,18,8,10,B,A,A,22.20657753944397,0.051216322499854715,2.948946956020972e-05,0.03,1,1,1,0,0.1376934051513672,0.892307762,0.892307762,5,5,0,14.637841761
1763956140.3168929,RRTstarkConfigDefault,1,19,9,0,A,B,B,0.10545921325683594,1.4500123839581724,1.4202565016047752,0.03,0,1,1,0,0.11857771873474121,4.082308417,1.390917411,67,18,0,1.390917411
1763956142.5150592,RRTstarkConfigDefault,1,19,9,1,A,B,B,2.2832698822021484,1.4202565016047752,1.0943553384725078,0.03,0,1,1,0,0.15829944610595703,3.315960324,1.357706851,41,15,0,2.748624262
1763956144.8137252,RRTstarkConfigDefault,1,19,9,2,A,B,B,4.497536897659302,1.0943553384725078,1.0212071366622537,0.03,0,1,1,0,0.14627671241760254,3.3734038330000002,1.377252982,50,18,0,4.125877244
1763956147.1202035,RRTstarkConfigDefault,1,19,9,3,A,B,B,6.781209230422974,1.0212071366622537,0.6323344061944567,0.03,0,1,1,0,0.16016101837158203,2.730189948,1.396672828,33,18,0,5.522550072
1763956149.416364,RRTstarkConfigDefault,1,19,9,4,A,B,B,9.09420394897461,0.6323344061944567,0.8605361305981737,0.03,0,1,1,0,0.17817354202270508,4.044381029,1.3675955819999999,68,18,0,6.8901456539999995
1763956151.612468,RRTstarkConfigDefault,1,19,9,5,A,B,B,11.388232707977295,0.8605361305981737,0.5646402563954372,0.03,0,1,1,0,0.16600704193115234,2.83266068,1.376018578,37,18,0,8.266164232
1763956153.7236483,RRTstarkConfigDefault,1,19,9,6,A,B,B,13.589774370193481,0.5646402563954372,0.049374362780873766,0.03,0,1,1,0,0.15143227577209473,1.5266142280000001,1.229455191,14,13,0,9.495619422999999
1763956154.9210775,RRTstarkConfigDefault,1,19,9,7,A,B,B,15.706870317459106,0.049374362780873766,9.233979975045519e-05,0.03,1,1,1,0,0.12072443962097168,0.307108074,0.307108074,2,2,0,9.802727497
1763956157.1161056,PRMkConfigDefault,2,20,0,0,B,A,A,0.1136167049407959,1.4500452574456293,1.4501733986221874,0.03,0,1,1,0,0.1379566192626953,4.067661663,1.394141355,77,21,0,1.394141355
1763956159.3121166,PRMkConfigDefault,2,20,0,1,B,A,A,2.294543504714966,1.4501733986221874,1.3578108367369608,0.03,0,1,1,0,0.1548171043395996,3.854379609,1.377235944,69,20,0,2.771377299
1763956161.5213296,PRMkConfigDefault,2,20,0,2,B,A,A,4.489985942840576,1.3578108367369608,1.2321048299869197,0.03,0,1,1,0,0.15643644332885742,4.109912115,1.366452106,63,16,0,4.137829405
1763956163.7142627,PRMkConfigDefault,2,20,0,3,B,A,A,6.690681457519531,1.2321048299869197,0.971864364704261,0.03,0,1,1,0,0.11497330665588379,3.511850749,1.366236853,48,16,0,5.504066258
1763956166.1310875,PRMkConfigDefault,2,20,0,4,B,A,A,8.899566888809204,0.971864364704261,1.1816730371781987,0.03,0,1,1,0,0.21942496299743652,6.612967425,1.3782930119999999,76,16,0,6.88235927
1763956168.4208322,PRMkConfigDefault,2,20,0,5,B,A,A,11.289721012115479,1.1816730371781987,1.2088957409011716,0.03,0,1,1,0,0.18505358695983887,4.00031072,1.365406987,75,20,0,8.247766257
1763956170.6138732,PRMkConfigDefault,2,20,0,6,B,A,A,13.61208987236023,1.2088957409011716,1.120058952543934,0.03,0,1,1,0,0.13556504249572754,3.330294307,1.3974031550000001,63,24,0,9.645169412000001
1763956172.818916,PRMkConfigDefault,2,20,0,7,B,A,A,15.845223903656006,1.120058952543934,0.9973464370275438,0.03,0,1,1,0,0.10977816581726074,4.285928694,1.395417697,72,18,0,11.040587109
1763956175.1149402,PRMkConfigDefault,2,20,0,8,B,A,A,17.996777296066284,0.9973464370275438,1.239366257922694,0.03,0,1,1,0,0.16236472129821777,3.7738147509999997,1.385402517,65,20,0,12.425989626
1763956177.3152165,PRMkConfigDefault,2,20,0,9,B,A,A,20.295754194259644,1.239366257922694,1.2200916670292052,0.03,0,1,1,0,0.12732625007629395,4.093051168,1.37853947,70,18,0,13.804529096
1763956179.625353,PRMkConfigDefault,2,20,0,10,B,A,A,22.494536638259888,1.2200916670292052,0.9936362713451907,0.03,0,1,1,0,0.20687150955200195,3.317857092,1.3798715750000001,46,17,0,15.184400670999999
1763956181.9190483,PRMkConfigDefault,2,20,0,11,B,A,A,24.79676127433777,0.9936362713451907,0.4541590202742164,0.03,0,1,1,0,0.25781774520874023,2.429908986,1.380758377,30,19,0,16.565159047999998
1763956182.1592782,PRMkConfigDefault,2,20,0,12,B,A,A,27.097954273223877,0.4541590202742164,0.4541590202742164,0.03,0,0,0,1,0.1286933422088623,0.0,0.0,0,0,1,16.565159047999998
1763956185.0135434,PRMkConfigDefault,2,20,0,13,B,A,A,28.09339690208435,0.4541590202742164,0.7723062088895807,0.03,0,1,1,0,0.14353060722351074,10.489930436,1.3199333389999999,118,8,1,17.885092386999997
1763956187.3136227,PRMkConfigDefault,2,20,0,14,B,A,A,30.203017234802246,0.7723062088895807,0.8443639986238723,0.03,0,1,1,0,0.21683073043823242,3.781497854,1.392764751,69,21,1,19.277857137999998
1763956189.6156063,PRMkConfigDefault,2,20,0,15,B,A,A,32.4900279045105,0.8443639986238723,0.49040597825354715,0.03,0,1,1,0,0.17326879501342773,2.706919132,1.371173883,34,18,1,20.649031021
1763956191.814496,PRMkConfigDefault,2,20,0,16,B,A,A,34.811402559280396,0.49040597825354715,0.03131791761198043,0.03,0,1,1,0,0.11834383010864258,1.6288530730000002,1.3457811290000001,17,16,1,21.994812149999998
1763956192.9166698,PRMkConfigDefault,2,20,0,17,B,A,A,36.99148178100586,0.03131791761198043,8.87724857988401e-05,0.03,1,1,1,0,0.1930694580078125,0.238271301,0.238271301,2,2,1,22.233083451
1763956195.1276627,PRMkConfigDefault,2,21,1,0,A,B,B,0.10135746002197266,1.4499328949600772,1.4767567730686215,0.03,0,1,1,0,0.12996912002563477,3.940614079,1.362788277,63,17,0,1.362788277
1763956197.318424,PRMkConfigDefault,2,21,1,1,A,B,B,2.295295476913452,1.4767567730686215,1.200673809572174,0.03,0,1,1,0,0.14769744873046875,3.307204272,1.368055089,50,19,0,2.730843366
1763956199.5151253,PRMkConfigDefault,2,21,1,2,A,B,B,4.497681379318237,1.200673809572174,0.9129368248045907,0.03,0,1,1,0,0.15992355346679688,3.762750746,1.38071505,42,13,0,4.111558416
1763956201.8131173,PRMkConfigDefault,2,21,1,3,A,B,B,6.699525833129883,0.9129368248045907,0.5759853394542422,0.03,0,1,1,0,0.1598188877105713,3.062672653,1.340649913,29,12,0,5.452208329
1763956204.0753365,PRMkConfigDefault,2,21,1,4,A,B,B,8.99820590019226,0.5759853394542422,0.7396658262210807,0.03,0,1,1,0,0.15618276596069336,9.289937064,1.323298307,97,6,0,6.775506636
1763956206.8572073,PRMkConfigDefault,2,21,1,5,A,B,B,11.216725826263428,0.7396658262210807,0.43808537808327785,0.03,0,1,1,0,0.10449790954589844,7.105679905,1.363955987,76,6,0,8.139462623
1763956209.0715575,PRMkConfigDefault,2,21,1,6,A,B,B,14.033792972564697,0.43808537808327785,0.28581616112732583,0.03,0,1,1,0,0.13102221488952637,3.584332115,1.360124909,47,15,0,9.499587532
1763956211.3543098,PRMkConfigDefault,2,21,1,7,A,B,B,16.233354091644287,0.28581616112732583,0.18487294707825394,0.03,0,1,1,0,0.2052915096282959,2.905875118,1.364203345,32,15,0,10.863790877
1763956213.4559937,PRMkConfigDefault,2,21,1,8,A,B,B,18.540260553359985,0.18487294707825394,0.061076188451442644,0.03,0,1,1,0,0.15322089195251465,2.172890829,1.368221755,22,16,0,12.232012632
1763956215.655727,PRMkConfigDefault,2,21,1,9,A,B,B,20.6457679271698,0.061076188451442644,0.596797571607954,0.03,0,1,1,0,0.15936493873596191,4.318787851,1.368761329,65,15,0,13.600773961
1763956217.8602948,PRMkConfigDefault,2,21,1,10,A,B,B,22.843531847000122,0.596797571607954,0.09235672340047785,0.03,0,1,1,0,0.11612558364868164,1.74182076,1.294254204,16,14,0,14.895028165
1763956219.2515867,PRMkConfigDefault,2,21,1,11,A,B,B,25.03630518913269,0.09235672340047785,8.527586427448412e-05,0.03,1,1,1,0,0.12356925010681152,0.635236502,0.635236502,3,3,0,15.530264666999999
1763956221.552804,PRMkConfigDefault,2,22,2,0,B,A,A,0.11705851554870605,1.4500555136068316,1.25556734535627,0.03,0,1,1,0,0.20923900604248047,3.882091569,1.38926219,69,20,0,1.38926219
1763956223.6505098,PRMkConfigDefault,2,22,2,1,B,A,A,2.400852918624878,1.25556734535627,1.0775566817287408,0.03,0,1,1,0,0.14566969871520996,3.447610864,1.3951515589999999,68,25,0,2.7844137489999996
1763956225.954103,PRMkConfigDefault,2,22,2,2,B,A,A,4.497349262237549,1.0775566817287408,1.2101733275642537,0.03,0,1,1,0,0.19999289512634277,3.953490712,1.369801209,84,23,0,4.154214958
1763956228.7545621,PRMkConfigDefault,2,22,2,3,B,A,A,6.799752473831177,1.2101733275642537,0.9407574230098997,0.03,0,1,1,0,0.11512398719787598,3.115811588,1.371704764,64,27,0,5.525919721999999
1763956231.0740466,PRMkConfigDefault,2,22,2,4,B,A,A,9.600104570388794,0.9407574230098997,1.0874732568601913,0.03,0,1,1,0,0.2432410717010498,3.735245241,1.387248887,62,20,0,6.9131686089999995
1763956233.2626293,PRMkConfigDefault,2,22,2,5,B,A,A,11.914162397384644,1.0874732568601913,1.003402558986032,0.03,0,1,1,0,0.12033724784851074,5.207808723,1.3786924950000001,75,18,0,8.291861103999999
1763956235.4522882,PRMkConfigDefault,2,22,2,6,B,A,A,14.100547790527344,1.003402558986032,1.1497876221911965,0.03,0,1,1,0,0.13688325881958008,7.28251249,1.387017719,79,7,0,9.678878822999998
1763956237.755757,PRMkConfigDefault,2,22,2,7,B,A,A,16.299891471862793,1.1497876221911965,0.9489988626840694,0.03,0,1,1,0,0.25006723403930664,4.219306581,1.374866309,57,14,0,11.053745131999998
1763956240.0614626,PRMkConfigDefault,2,22,2,8,B,A,A,18.60110330581665,0.9489988626840694,0.668410930132225,0.03,0,1,1,0,0.23509860038757324,3.3677338150000002,1.357584721,45,16,0,12.411329852999998
1763956242.2538936,PRMkConfigDefault,2,22,2,9,B,A,A,20.909447193145752,0.668410930132225,0.3564668422971035,0.03,0,1,1,0,0.15411710739135742,2.671758262,1.3493088420000001,30,16,0,13.760638694999997
1763956244.4548786,PRMkConfigDefault,2,22,2,10,B,A,A,23.099948406219482,0.3564668422971035,0.04979337921749173,0.03,0,1,1,0,0.15424180030822754,1.819426996,1.351980618,16,14,0,15.112619312999998
1763956246.055843,PRMkConfigDefault,2,22,2,11,B,A,A,25.316155672073364,0.04979337921749173,6.438139474813669e-05,0.03,1,1,1,0,0.17985820770263672,0.68305607,0.68305607,3,3,0,15.795675382999997
1763956248.2919786,PRMkConfigDefault,2,23,3,0,A,B,B,0.11219525337219238,1.4500298647674306,1.3691021612185883,0.03,0,1,1,0,0.1165153980255127,4.105786603,1.392140867,76,21,0,1.392140867
1763956250.4736285,PRMkConfigDefault,2,23,3,1,A,B,B,2.317417621612549,1.3691021612185883,1.1043191819722116,0.03,0,1,1,0,0.14311742782592773,3.49825494,1.3751455510000001,49,17,0,2.7672864180000003
1763956252.6907282,PRMkConfigDefault,2,23,3,2,A,B,B,4.525606632232666,1.1043191819722116,0.8062820190602038,0.03,0,1,1,0,0.14483046531677246,3.009552002,1.359411484,42,18,0,4.126697902
1763956254.8323705,PRMkConfigDefault,2,23,3,3,A,B,B,6.721126556396484,0.8062820190602038,0.9272911777954432,0.03,0,1,1,0,0.17679595947265625,7.116551982,1.343681222,69,6,0,5.470379124
1763956255.0357592,PRMkConfigDefault,2,23,3,4,A,B,B,8.875298023223877,0.9272911777954432,0.9272911777954432,0.03,0,0,0,1,0.10059189796447754,0.0,0.0,0,0,1,5.470379124
1763956258.031216,PRMkConfigDefault,2,23,3,5,A,B,B,9.874336242675781,0.9272911777954432,0.7447754221476789,0.03,0,1,1,0,0.1286909580230713,3.32427648,1.340795798,29,5,1,6.811174922
1763956260.3304355,PRMkConfigDefault,2,23,3,6,A,B,B,12.07065200805664,0.7447754221476789,0.4573071196214281,0.03,0,1,1,0,0.167405366897583,3.183999026,1.3897700130000001,39,16,1,8.200944935
1763956262.5295894,PRMkConfigDefault,2,23,3,7,A,B,B,14.389777421951294,0.4573071196214281,0.1719089707440901,0.03,0,1,1,0,0.130720853805542,2.413262565,1.344607756,24,15,1,9.545552691000001
1763956264.427658,PRMkConfigDefault,2,23,3,8,A,B,B,16.571956634521484,0.1719089707440901,0.018973824749882698,0.03,1,1,1,0,0.15587663650512695,1.463756692,1.118812483,10,9,1,10.664365174
1763956266.7252808,PRMkConfigDefault,2,24,4,0,B,A,A,0.1067345142364502,1.4489037705957826,1.3366816969319915,0.03,0,1,1,0,0.15253710746765137,5.033679488,1.3903870409999999,93,17,0,1.3903870409999999
1763956268.9385045,PRMkConfigDefault,2,24,4,1,B,A,A,2.4215545654296875,1.3366816969319915,1.3739297242010877,0.03,0,1,1,0,0.11653614044189453,4.10264209,1.379496858,80,21,0,2.769883899
1763956271.1445317,PRMkConfigDefault,2,24,4,2,B,A,A,4.596256971359253,1.3739297242010877,0.9047872822468203,0.03,0,1,1,0,0.15382099151611328,3.49758456,1.369946326,61,21,0,4.139830225
1763956273.4258344,PRMkConfigDefault,2,24,4,3,B,A,A,6.797093868255615,0.9047872822468203,1.1280659937640645,0.03,0,1,1,0,0.21892166137695312,3.325956491,1.36175824,54,20,0,5.501588464999999
1763956276.034491,PRMkConfigDefault,2,24,4,4,B,A,A,9.098126649856567,1.1280659937640645,1.0490020297541995,0.03,0,1,1,0,0.18834757804870605,3.659104086,1.366674084,63,20,0,6.868262548999999
1763956278.3405993,PRMkConfigDefault,2,24,4,5,B,A,A,11.72985029220581,1.0490020297541995,1.216355243032401,0.03,0,1,1,0,0.18346905708312988,3.402156283,1.383115787,63,23,0,8.251378335999998
1763956280.6372085,PRMkConfigDefault,2,24,4,6,B,A,A,14.000093460083008,1.216355243032401,1.1343219703291434,0.03,0,1,1,0,0.25011682510375977,4.134787011,1.399940769,85,23,0,9.651319104999999
1763956282.8274312,PRMkConfigDefault,2,24,4,7,B,A,A,16.306382656097412,1.1343219703291434,0.6260254138787018,0.03,0,1,1,0,0.12584447860717773,2.9674764099999997,1.389775678,52,24,0,11.041094782999998
1763956285.4773989,PRMkConfigDefault,2,24,4,8,B,A,A,18.49797797203064,0.6260254138787018,0.8497562965985469,0.03,0,1,1,0,0.16357660293579102,7.619928895,1.381267877,106,10,0,12.422362659999997
1763956287.5815804,PRMkConfigDefault,2,24,4,9,B,A,A,21.14676833152771,0.8497562965985469,0.9266310772894043,0.03,0,1,1,0,0.16988754272460938,7.047409163,1.321222774,75,5,0,13.743585433999998
1763956289.8754013,PRMkConfigDefault,2,24,4,10,B,A,A,23.249327421188354,0.9266310772894043,1.107590292842637,0.03,0,1,1,0,0.1542680263519287,3.485711396,1.394964916,60,21,0,15.138550349999997
1763956292.4653556,PRMkConfigDefault,2,24,4,11,B,A,A,25.552682638168335,1.107590292842637,1.0305468609071873,0.03,0,1,1,0,0.1473226547241211,3.972888754,1.392834737,88,26,0,16.531385086999997
1763956294.6644325,PRMkConfigDefault,2,24,4,12,B,A,A,28.13006019592285,1.0305468609071873,1.2183146954333999,0.03,0,1,1,0,0.1564502716064453,3.775325765,1.397135123,77,25,0,17.928520209999995
1763956296.9604528,PRMkConfigDefault,2,24,4,13,B,A,A,30.3311128616333,1.2183146954333999,1.0759038860153287,0.03,0,1,1,0,0.2095644474029541,4.356577898,1.393084665,76,18,0,19.321604874999995
1763956299.1607249,PRMkConfigDefault,2,24,4,14,B,A,A,32.63091421127319,1.0759038860153287,0.9113911014340028,0.03,0,1,1,0,0.14687609672546387,3.655219209,1.371434567,68,22,0,20.693039441999996
1763956301.3612375,PRMkConfigDefault,2,24,4,15,B,A,A,34.83127307891846,0.9113911014340028,0.6151799443031124,0.03,0,1,1,0,0.15997076034545898,3.512656197,1.38422745,59,20,0,22.077266891999997
1763956304.0828278,PRMkConfigDefault,2,24,4,16,B,A,A,37.05146408081055,0.6151799443031124,0.9504775362485439,0.03,0,1,1,0,0.22833514213562012,3.8938776920000002,1.373293958,53,15,0,23.45056085
1763956306.3837106,PRMkConfigDefault,2,24,4,17,B,A,A,39.764699935913086,0.9504775362485439,1.1319529564171467,0.03,0,1,1,0,0.19037818908691406,3.6327115819999998,1.394228002,71,24,0,24.844788851999997
1763956308.7123005,PRMkConfigDefault,2,24,4,18,B,A,A,42.05226755142212,1.1319529564171467,1.2471673033674442,0.03,0,1,1,0,0.18694114685058594,5.964362899,1.374395069,98,18,0,26.219183920999996
1763956310.8826616,PRMkConfigDefault,2,24,4,19,B,A,A,44.35886001586914,1.2471673033674442,0.8665140678809838,0.03,0,1,1,0,0.14696598052978516,3.023640714,1.373023144,51,22,0,27.592207064999997
1763956313.1824563,PRMkConfigDefault,2,24,4,20,B,A,A,46.55664896965027,0.8665140678809838,1.1835151953531327,0.03,0,1,1,0,0.18843793869018555,6.068688696,1.373830505,82,15,0,28.966037569999997
1763956315.3871772,PRMkConfigDefault,2,24,4,21,B,A,A,48.85592341423035,1.1835151953531327,1.0182586284687112,0.03,0,1,1,0,0.13770508766174316,5.616194686,1.392101281,70,20,0,30.358138850999996
1763956317.7931423,PRMkConfigDefault,2,24,4,22,B,A,A,51.05325222015381,1.0182586284687112,1.2091584682955223,0.03,0,1,1,0,0.19378924369812012,4.590694045,1.399461028,87,19,0,31.757599878999997
1763956320.0007665,PRMkConfigDefault,2,24,4,23,B,A,A,53.45723819732666,1.2091584682955223,1.0721253782081839,0.03,0,1,1,0,0.1400148868560791,3.9457235219999998,1.381600832,58,16,0,33.139200710999994
1763956322.2461858,PRMkConfigDefault,2,24,4,24,B,A,A,55.65383958816528,1.0721253782081839,0.9850448061546072,0.03,0,1,1,0,0.1553652286529541,3.876975898,1.381324925,56,16,0,34.520525635999995
1763956324.4474256,PRMkConfigDefault,2,24,4,25,B,A,A,57.92041087150574,0.9850448061546072,0.6414501271785261,0.03,0,1,1,0,0.15449833869934082,3.391964876,1.3688961640000001,57,21,0,35.889421799999994
1763956326.7538908,PRMkConfigDefault,2,24,4,26,B,A,A,60.117037534713745,0.6414501271785261,0.5824818075859726,0.03,0,1,1,0,0.21675324440002441,3.099072912,1.388783845,47,20,0,37.27820564499999
1763956329.0477605,PRMkConfigDefault,2,24,4,27,B,A,A,62.50940752029419,0.5824818075859726,0.25529939628214215,0.03,0,1,1,0,0.142547607421875,2.305313605,1.3741520839999999,28,19,0,38.652357728999995
1763956331.047887,PRMkConfigDefault,2,24,4,28,B,A,A,64.73816156387329,0.25529939628214215,5.5984399861399164e-05,0.03,1,1,1,0,0.14387059211730957,1.296845985,1.296845985,10,10,0,39.94920371399999
1763956333.3465662,PRMkConfigDefault,2,25,5,0,A,B,B,0.10000109672546387,1.4499479369398245,1.415522746890494,0.03,0,1,1,0,0.23404383659362793,3.662243758,1.3961614660000001,53,17,0,1.3961614660000001
1763956335.5468674,PRMkConfigDefault,2,25,5,1,A,B,B,2.402531862258911,1.415522746890494,1.0988967319685086,0.03,0,1,1,0,0.1400151252746582,4.148237961,1.359068713,64,16,0,2.7552301790000002
1763956337.7536123,PRMkConfigDefault,2,25,5,2,A,B,B,4.599686145782471,1.0988967319685086,0.7373168448631887,0.03,0,1,1,0,0.12752699851989746,3.5232327789999998,1.373713592,57,19,0,4.128943771
1763956339.9450805,PRMkConfigDefault,2,25,5,3,A,B,B,6.798326015472412,0.7373168448631887,0.5516397674835471,0.03,0,1,1,0,0.15832018852233887,3.414516357,1.358194367,31,11,0,5.487138138000001
1763956342.146187,PRMkConfigDefault,2,25,5,4,A,B,B,8.996349811553955,0.5516397674835471,0.3410000218460568,0.03,0,1,1,0,0.14827919006347656,2.876740096,1.327566303,22,10,0,6.814704441000001
1763956344.2571204,PRMkConfigDefault,2,25,5,5,A,B,B,11.197726011276245,0.3410000218460568,0.02718360913331354,0.03,1,1,1,0,0.14384174346923828,1.599263364,1.270472,13,12,0,8.085176441000002
1763956346.6849926,PRMkConfigDefault,2,26,6,0,B,A,A,0.09507274627685547,1.4546696974633315,1.3898090834326247,0.03,0,1,1,0,0.23696231842041016,7.195331314,1.380633032,93,19,0,1.380633032
1763956348.8537154,PRMkConfigDefault,2,26,6,1,B,A,A,2.488088846206665,1.3898090834326247,1.3157396673625497,0.03,0,1,1,0,0.1259000301361084,4.041498548,1.365361694,64,17,0,2.745994726
1763956351.0509584,PRMkConfigDefault,2,26,6,2,B,A,A,4.688053369522095,1.3157396673625497,1.0733104547814023,0.03,0,1,1,0,0.14792203903198242,3.533380287,1.391905349,62,21,0,4.137900075
1763956353.2465408,PRMkConfigDefault,2,26,6,3,B,A,A,6.887788534164429,1.0733104547814023,1.0494294887036701,0.03,0,1,1,0,0.14413952827453613,3.742803494,1.399517508,59,18,0,5.537417583
1763956355.5451124,PRMkConfigDefault,2,26,6,4,B,A,A,9.088822364807129,1.0494294887036701,0.9277208719201647,0.03,0,1,1,0,0.18368244171142578,3.449110185,1.3997924560000001,59,21,0,6.937210039
1763956357.947882,PRMkConfigDefault,2,26,6,5,B,A,A,11.389853715896606,0.9277208719201647,1.027361223865048,0.03,0,1,1,0,0.15001225471496582,4.815152083,1.356381859,91,8,0,8.293591898
1763956360.2519414,PRMkConfigDefault,2,26,6,6,B,A,A,13.811319351196289,1.027361223865048,0.969625704617459,0.03,0,1,1,0,0.12247538566589355,3.806759687,1.372254586,68,20,0,9.665846484000001
1763956362.4463482,PRMkConfigDefault,2,26,6,7,B,A,A,16.087691068649292,0.969625704617459,1.112583881850212,0.03,0,1,1,0,0.12157058715820312,5.879426324,1.347023559,75,14,0,11.012870043000001
1763956364.7477164,PRMkConfigDefault,2,26,6,8,B,A,A,18.300862550735474,1.112583881850212,0.920426674790643,0.03,0,1,1,0,0.1730501651763916,3.109723556,1.371809474,50,21,0,12.384679517000002
1763956367.0457957,PRMkConfigDefault,2,26,6,9,B,A,A,20.60746669769287,0.920426674790643,0.32106534361418543,0.03,0,1,1,0,0.2377338409423828,2.256789521,1.393003312,31,22,0,13.777682829000002
1763956369.147999,PRMkConfigDefault,2,26,6,10,B,A,A,22.907201766967773,0.32106534361418543,8.883955544882948e-05,0.03,1,1,1,0,0.1625068187713623,1.185430561,1.185430561,10,10,0,14.963113390000002
1763956371.344966,PRMkConfigDefault,2,27,7,0,A,B,B,0.11041045188903809,1.4499329035737463,1.4736761983152877,0.03,0,1,1,0,0.10972046852111816,4.090592938,1.363652597,64,17,0,1.363652597
1763956373.596012,PRMkConfigDefault,2,27,7,1,A,B,B,2.2928357124328613,1.4736761983152877,1.2322063461313069,0.03,0,1,1,0,0.19525361061096191,3.756985304,1.362869127,57,17,0,2.726521724
1763956375.850722,PRMkConfigDefault,2,27,7,2,A,B,B,4.493298530578613,1.2322063461313069,1.0396552879460417,0.03,0,1,1,0,0.22431731224060059,4.116165165,1.3954771990000001,53,14,0,4.121998923
1763956378.0458977,PRMkConfigDefault,2,27,7,3,A,B,B,6.792159795761108,1.0396552879460417,0.7919106682306674,0.03,0,1,1,0,0.12725591659545898,3.448306084,1.347625207,36,12,0,5.46962413
1763956380.2449543,PRMkConfigDefault,2,27,7,4,A,B,B,8.994152784347534,0.7919106682306674,0.2914728300925012,0.03,0,1,1,0,0.13457202911376953,2.234046087,1.3273819009999999,19,13,0,6.797006031
1763956382.2452734,PRMkConfigDefault,2,27,7,5,A,B,B,11.201240301132202,0.2914728300925012,3.341895270659066e-05,0.03,1,1,1,0,0.1683366298675537,1.134511076,1.134511076,7,7,0,7.9315171069999995
1763956384.5466223,PRMkConfigDefault,2,28,8,0,B,A,A,0.1000056266784668,1.4499669620612576,1.2418096911685217,0.03,0,1,1,0,0.21647000312805176,7.2969733,1.386118376,104,15,0,1.386118376
1763956389.7858975,PRMkConfigDefault,2,28,8,1,B,A,A,2.406604290008545,1.2418096911685217,1.2418096911685217,0.03,0,0,0,1,5.128278493881226,0.0,0.0,0,0,1,1.386118376
1763956392.028757,PRMkConfigDefault,2,28,8,2,B,A,A,7.6297385692596436,1.2418096911685217,1.2088766552945167,0.03,0,1,1,0,0.13173580169677734,3.520104446,1.370064259,72,25,1,2.756182635
1763956394.2236934,PRMkConfigDefault,2,28,8,3,B,A,A,9.894179105758667,1.2088766552945167,1.2964026815724277,0.03,0,1,1,0,0.13203120231628418,3.978138184,1.3926365889999999,76,21,1,4.148819224
1763956396.4234805,PRMkConfigDefault,2,28,8,4,B,A,A,12.108144521713257,1.2964026815724277,1.1356883224432677,0.03,0,1,1,0,0.1131436824798584,3.673646936,1.37533327,67,21,1,5.524152494000001
1763956398.634329,PRMkConfigDefault,2,28,8,5,B,A,A,14.279938697814941,1.1356883224432677,1.0189503715303263,0.03,0,1,1,0,0.15095257759094238,3.681503394,1.398872301,62,20,1,6.923024795000001
1763956400.8379998,PRMkConfigDefault,2,28,8,6,B,A,A,16.48092222213745,1.0189503715303263,0.6096225391955417,0.03,0,1,1,0,0.12490701675415039,3.619722095,1.384056207,62,20,1,8.307081002
1763956403.0292044,PRMkConfigDefault,2,28,8,7,B,A,A,18.682145833969116,0.6096225391955417,1.0452114605061356,0.03,0,1,1,0,0.15562987327575684,3.715328961,1.37646901,67,21,1,9.683550012000001
1763956405.326534,PRMkConfigDefault,2,28,8,8,B,A,A,20.883301496505737,1.0452114605061356,1.2127675523636559,0.03,0,1,1,0,0.19761085510253906,3.626732212,1.371010753,73,23,1,11.054560765000002
1763956407.5271883,PRMkConfigDefault,2,28,8,9,B,A,A,23.185879945755005,1.2127675523636559,1.1916809684316592,0.03,0,1,1,0,0.13341307640075684,3.322706436,1.382665351,64,24,1,12.437226116000001
1763956409.830755,PRMkConfigDefault,2,28,8,10,B,A,A,25.389639377593994,1.1916809684316592,0.947628537168138,0.03,0,1,1,0,0.15698647499084473,3.806838741,1.393845209,74,23,1,13.831071325000002
1763956415.1889937,PRMkConfigDefault,2,28,8,11,B,A,A,27.78607153892517,0.947628537168138,0.947628537168138,0.03,0,0,0,1,5.151404857635498,0.0,0.0,0,0,2,13.831071325000002
1763956417.247771,PRMkConfigDefault,2,28,8,12,B,A,A,33.07541608810425,0.947628537168138,1.1281597622216861,0.03,0,1,1,0,0.15111851692199707,5.042305991,1.332515539,92,11,2,15.163586864000003
1763956419.444523,PRMkConfigDefault,2,28,8,13,B,A,A,35.10301733016968,1.1281597622216861,0.8930146211742744,0.03,0,1,1,0,0.13990497589111328,3.673436018,1.371527274,57,18,2,16.535114138000004
1763956421.948877,PRMkConfigDefault,2,28,8,14,B,A,A,37.300052642822266,0.8930146211742744,1.0261087593336915,0.03,0,1,1,0,0.1455230712890625,3.564594142,1.3960160369999999,54,18,2,17.931130175000003
1763956424.1454842,PRMkConfigDefault,2,28,8,15,B,A,A,39.809516191482544,1.0261087593336915,0.9961812841900224,0.03,0,1,1,0,0.15883588790893555,3.602996186,1.365674502,53,17,2,19.296804677000004
1763956426.3506873,PRMkConfigDefault,2,28,8,16,B,A,A,42.00104737281799,0.9961812841900224,0.7146928117532637,0.03,0,1,1,0,0.13723301887512207,3.284241688,1.359463084,48,18,2,20.656267761000006
1763956428.6540518,PRMkConfigDefault,2,28,8,17,B,A,A,44.20794892311096,0.7146928117532637,0.3358504575904704,0.03,0,1,1,0,0.1704120635986328,2.573350216,1.354551658,31,18,2,22.010819419000008
1763956430.9458337,PRMkConfigDefault,2,28,8,18,B,A,A,46.50767207145691,0.3358504575904704,0.026339875475124168,0.03,1,1,1,0,0.28290557861328125,1.6465711440000002,1.326869491,14,13,2,23.337688910000008
1763956433.2455509,PRMkConfigDefault,2,29,9,0,A,B,B,0.1030721664428711,1.454666893845314,1.4006909839527237,0.03,0,1,1,0,0.13609981536865234,4.099963385,1.387524214,84,22,0,1.387524214
1763956435.4456303,PRMkConfigDefault,2,29,9,1,A,B,B,2.4196696281433105,1.4006909839527237,1.000089576869956,0.03,0,1,1,0,0.12041497230529785,3.141975558,1.350869422,38,15,0,2.7383936359999996
1763956437.6548145,PRMkConfigDefault,2,29,9,2,A,B,B,4.597989797592163,1.000089576869956,0.41806576901161846,0.03,0,1,1,0,0.1241304874420166,2.457702484,1.391002147,25,16,0,4.129395783
1763956439.612981,PRMkConfigDefault,2,29,9,3,A,B,B,6.808012247085571,0.41806576901161846,0.046944314170838386,0.03,0,1,1,0,0.18156933784484863,1.4676313460000001,1.124586699,10,9,0,5.253982482
1763956440.7196114,PRMkConfigDefault,2,29,9,4,A,B,B,8.766642570495605,0.046944314170838386,9.658546329202756e-05,0.03,1,1,1,0,0.1477038860321045,0.343463146,0.343463146,2,2,0,5.597445628
1763956442.9214656,PRMstarkConfigDefault,3,30,0,0,B,A,A,0.09864282608032227,1.4500346638415897,1.470166573272301,0.03,0,1,1,0,0.1392374038696289,5.591436614,1.387831128,82,17,0,1.387831128
1763956445.122966,PRMstarkConfigDefault,3,30,0,1,B,A,A,2.3682496547698975,1.470166573272301,1.302911599453654,0.03,0,1,1,0,0.06352972984313965,3.595861489,1.35927354,55,18,0,2.747104668
1763956447.4223466,PRMstarkConfigDefault,3,30,0,2,B,A,A,4.503143548965454,1.302911599453654,1.007312337249618,0.03,0,1,1,0,0.1976604461669922,3.954615407,1.3733659440000001,69,19,0,4.120470612
1763956449.7142923,PRMstarkConfigDefault,3,30,0,3,B,A,A,6.791874647140503,1.007312337249618,1.097742519789248,0.03,0,1,1,0,0.20472359657287598,3.296531665,1.387805557,58,22,0,5.508276169
1763956451.9156184,PRMstarkConfigDefault,3,30,0,4,B,A,A,9.124046802520752,1.097742519789248,1.0933033251973103,0.03,0,1,1,0,0.13452887535095215,4.140180359,1.355925048,69,17,0,6.864201217
1763956454.125772,PRMstarkConfigDefault,3,30,0,5,B,A,A,11.295085668563843,1.0933033251973103,0.7913326238227639,0.03,0,1,1,0,0.12200593948364258,3.842334982,1.397338994,81,24,0,8.261540211
1763956456.413412,PRMstarkConfigDefault,3,30,0,6,B,A,A,13.501743078231812,0.7913326238227639,0.6494719453284266,0.03,0,1,1,0,0.1842055320739746,3.025402303,1.3882768730000001,59,26,0,9.649817084
1763956458.7216933,PRMstarkConfigDefault,3,30,0,7,B,A,A,15.79690408706665,0.6494719453284266,0.24955012239826688,0.03,0,1,1,0,0.17465949058532715,2.339087224,1.385924979,34,23,0,11.035742063
1763956460.7155256,PRMstarkConfigDefault,3,30,0,8,B,A,A,18.129887104034424,0.24955012239826688,8.78335793611885e-05,0.03,1,1,1,0,0.10086679458618164,1.194917871,1.194917871,12,12,0,12.230659934
1763956463.018693,PRMstarkConfigDefault,3,31,1,0,A,B,B,0.09948921203613281,1.450008646020113,1.47085017115345,0.03,0,1,1,0,0.19776463508605957,7.683207893,1.354447081,98,8,0,1.354447081
1763956465.2152863,PRMstarkConfigDefault,3,31,1,1,A,B,B,2.435659646987915,1.47085017115345,1.0993355826154154,0.03,0,1,1,0,0.13672327995300293,3.550070238,1.364581526,57,19,0,2.7190286070000003
1763956467.417821,PRMstarkConfigDefault,3,31,1,2,A,B,B,4.596563100814819,1.0993355826154154,0.6316780822825024,0.03,0,1,1,0,0.15776848793029785,2.807251334,1.377867033,38,19,0,4.0968956400000005
1763956470.182535,PRMstarkConfigDefault,3,31,1,3,A,B,B,6.796966314315796,0.6316780822825024,0.14024454860041044,0.03,0,1,1,0,0.18641901016235352,1.954210631,1.332933037,20,16,0,5.429828677000001
1763956471.78193,PRMstarkConfigDefault,3,31,1,4,A,B,B,9.565147161483765,0.14024454860041044,8.642946400703574e-05,0.03,1,1,1,0,0.1295011043548584,0.877357905,0.877357905,6,6,0,6.307186582000001
1763956473.9822328,PRMstarkConfigDefault,3,32,2,0,B,A,A,0.09628915786743164,1.4500688805278281,1.4515958511493179,0.03,0,1,1,0,0.14992594718933105,6.315923939,1.347523572,75,19,0,1.347523572
1763956476.379466,PRMstarkConfigDefault,3,32,2,1,B,A,A,2.2953104972839355,1.4515958511493179,1.4421281575243223,0.03,0,1,1,0,0.30460381507873535,8.80598697,1.399805578,116,6,0,2.74732915
1763956478.585955,PRMstarkConfigDefault,3,32,2,2,B,A,A,4.7134411334991455,1.4421281575243223,1.4986290080397249,0.03,0,1,1,0,0.1277909278869629,4.525572593,1.368297772,89,20,0,4.115626922000001
1763956480.7815495,PRMstarkConfigDefault,3,32,2,3,B,A,A,6.9006054401397705,1.4986290080397249,1.3784475399162202,0.03,0,1,1,0,0.1261277198791504,4.222264742,1.360888535,75,18,0,5.4765154570000005
1763956482.9798753,PRMstarkConfigDefault,3,32,2,4,B,A,A,9.0980224609375,1.3784475399162202,1.039489186905439,0.03,0,1,1,0,0.1606593132019043,3.640469024,1.366286893,64,20,0,6.84280235
1763956485.2795422,PRMstarkConfigDefault,3,32,2,5,B,A,A,11.301337242126465,1.039489186905439,0.6370779583160318,0.03,0,1,1,0,0.20909714698791504,3.225760248,1.392352522,52,21,0,8.235154872
1763956490.5475838,PRMstarkConfigDefault,3,32,2,6,B,A,A,13.604613542556763,0.6370779583160318,0.6370779583160318,0.03,0,0,0,1,5.121116399765015,0.0,0.0,0,0,1,8.235154872
1763956492.6880906,PRMstarkConfigDefault,3,32,2,7,B,A,A,18.80300521850586,0.6370779583160318,0.24492779915527083,0.03,0,1,1,0,0.11517834663391113,2.451380114,1.370085975,32,20,1,9.605240847000001
1763956494.7845402,PRMstarkConfigDefault,3,32,2,8,B,A,A,21.007291555404663,0.24492779915527083,0.02009856688942083,0.03,1,1,1,0,0.1943056583404541,1.5102473079999998,1.203133359,13,12,1,10.808374206000002
1763956496.992196,PRMstarkConfigDefault,3,33,3,0,A,B,B,0.09646844863891602,1.460714403126322,1.4148156937791265,0.03,0,1,1,0,0.14628219604492188,4.096527098,1.368352508,68,18,0,1.368352508
1763956499.1845253,PRMstarkConfigDefault,3,33,3,1,A,B,B,2.308155059814453,1.4148156937791265,1.5104012119628516,0.03,0,1,1,0,0.12534666061401367,4.952283663,1.371988496,95,18,0,2.7403410040000002
1763956501.5039082,PRMstarkConfigDefault,3,33,3,2,A,B,B,4.5087010860443115,1.5104012119628516,1.236005426947068,0.03,0,1,1,0,0.20636558532714844,3.454856478,1.366418367,47,16,0,4.106759371000001
1763956503.5844722,PRMstarkConfigDefault,3,33,3,3,A,B,B,6.798243045806885,1.236005426947068,1.2200799091030154,0.03,0,1,1,0,0.15485286712646484,3.771595199,1.385163397,66,20,0,5.491922768
1763956505.8912387,PRMstarkConfigDefault,3,33,3,4,A,B,B,8.893616437911987,1.2200799091030154,1.2191651354595687,0.03,0,1,1,0,0.21988344192504883,5.305125087,1.391435344,73,21,0,6.883358112
1763956508.0994465,PRMstarkConfigDefault,3,33,3,5,A,B,B,11.19284701347351,1.2191651354595687,0.5691317209586658,0.03,0,1,1,0,0.13945245742797852,2.46269402,1.387731334,37,23,0,8.271089446
1763956510.1839209,PRMstarkConfigDefault,3,33,3,6,A,B,B,13.39333701133728,0.5691317209586658,0.04128863527476526,0.03,0,1,1,0,0.14371204376220703,1.5029216189999999,1.223744456,15,14,0,9.494833902
1763956511.2852764,PRMstarkConfigDefault,3,33,3,7,A,B,B,15.495058298110962,0.04128863527476526,9.327944657964131e-05,0.03,1,1,1,0,0.16121888160705566,0.285863179,0.285863179,2,2,0,9.780697081
1763956513.690091,PRMstarkConfigDefault,3,34,4,0,B,A,A,0.1671772003173828,1.450083854479868,1.3469728136200536,0.03,0,1,1,0,0.18252849578857422,3.611281199,1.393557777,57,19,0,1.393557777
1763956516.0030894,PRMstarkConfigDefault,3,34,4,1,B,A,A,2.4913971424102783,1.3469728136200536,1.0905474423356807,0.03,0,1,1,0,0.13260960578918457,3.741563923,1.363437131,64,19,0,2.7569949080000002
1763956518.1941056,PRMstarkConfigDefault,3,34,4,2,B,A,A,4.791830062866211,1.0905474423356807,1.1809711680426618,0.03,0,1,1,0,0.12351536750793457,4.106148206,1.397662344,68,18,0,4.154657252
1763956520.4916258,PRMstarkConfigDefault,3,34,4,3,B,A,A,6.999507188796997,1.1809711680426618,1.0319540476480509,0.03,0,1,1,0,0.19428324699401855,3.472776274,1.390151177,51,18,0,5.544808429
1763956522.701851,PRMstarkConfigDefault,3,34,4,4,B,A,A,9.298001289367676,1.0319540476480509,1.0635991160919516,0.03,0,1,1,0,0.13512063026428223,3.953061667,1.3657730319999999,67,18,0,6.910581461
1763956525.0070922,PRMstarkConfigDefault,3,34,4,5,B,A,A,11.505214214324951,1.0635991160919516,1.2177096285403588,0.03,0,1,1,0,0.2024843692779541,3.7310924610000002,1.373228656,75,23,0,8.283810117
1763956527.2897632,PRMstarkConfigDefault,3,34,4,6,B,A,A,13.80217957496643,1.2177096285403588,1.1111152618770557,0.03,0,1,1,0,0.1813194751739502,3.951018697,1.399889484,82,23,0,9.683699601
1763956529.6219652,PRMstarkConfigDefault,3,34,4,7,B,A,A,16.104860067367554,1.1111152618770557,0.7806032680800409,0.03,0,1,1,0,0.23645424842834473,3.295299477,1.398410773,60,23,0,11.082110374
1763956531.8927045,PRMstarkConfigDefault,3,34,4,8,B,A,A,18.425273180007935,0.7806032680800409,0.38926233418244777,0.03,0,1,1,0,0.1909646987915039,3.419223437,1.368550001,60,21,0,12.450660375000002
1763956534.1880257,PRMstarkConfigDefault,3,34,4,9,B,A,A,20.69499397277832,0.38926233418244777,0.30992793015912895,0.03,0,1,1,0,0.1914973258972168,3.9242985519999998,1.387098564,60,17,0,13.837758939000002
1763956534.395646,PRMstarkConfigDefault,3,34,4,10,B,A,A,22.99678635597229,0.30992793015912895,0.30992793015912895,0.03,0,0,0,1,0.10023045539855957,0.0,0.0,0,0,1,13.837758939000002
1763956534.6526887,PRMstarkConfigDefault,3,34,4,11,B,A,A,23.20157289505005,0.30992793015912895,0.30992793015912895,0.03,0,0,0,1,0.15086674690246582,0.0,0.0,0,0,2,13.837758939000002
1763956535.0985005,PRMstarkConfigDefault,3,34,4,12,B,A,A,23.694365978240967,0.30992793015912895,0.30992793015912895,0.03,0,0,0,1,0.10626339912414551,0.0,0.0,0,0,3,13.837758939000002
1763956538.0881472,PRMstarkConfigDefault,3,34,4,13,B,A,A,24.69519853591919,0.30992793015912895,0.21400550221051276,0.03,0,1,1,0,0.15827274322509766,3.287380327,1.366800285,45,17,3,15.204559224000002
1763956540.477434,PRMstarkConfigDefault,3,34,4,14,B,A,A,26.90101981163025,0.21400550221051276,0.11954884282592455,0.03,0,1,1,0,0.23224139213562012,2.557023387,1.372285601,29,17,3,16.576844825000002
1763956542.5774229,PRMstarkConfigDefault,3,34,4,15,B,A,A,29.282536506652832,0.11954884282592455,0.010907418924668674,0.03,1,1,1,0,0.12613320350646973,1.6349029449999999,1.301418363,13,12,3,17.878263188000002
1763956544.784299,PRMstarkConfigDefault,3,35,5,0,A,B,B,0.10063624382019043,1.4595949621410944,1.402362889515302,0.03,0,1,1,0,0.15922188758850098,3.809240219,1.351481498,52,15,0,1.351481498
1763956546.9780393,PRMstarkConfigDefault,3,35,5,1,A,B,B,2.2960309982299805,1.402362889515302,1.0955891358384569,0.03,0,1,1,0,0.1647498607635498,3.227852471,1.377766698,50,20,0,2.7292481960000003
1763956549.291265,PRMstarkConfigDefault,3,35,5,2,A,B,B,4.497915983200073,1.0955891358384569,0.7083710170863835,0.03,0,1,1,0,0.20087122917175293,3.119061571,1.355451561,40,16,0,4.084699757
1763956551.4771974,PRMstarkConfigDefault,3,35,5,3,A,B,B,6.799622535705566,0.7083710170863835,0.5162664452696524,0.03,0,1,1,0,0.12328767776489258,4.2434319,1.368699188,45,11,0,5.453398945
1763956556.7485683,PRMstarkConfigDefault,3,35,5,4,A,B,B,9.02338719367981,0.5162664452696524,0.5162664452696524,0.03,0,0,0,1,5.141685485839844,0.0,0.0,0,0,1,5.453398945
1763956558.9834328,PRMstarkConfigDefault,3,35,5,5,A,B,B,14.19984483718872,0.5162664452696524,0.3447006576288032,0.03,0,1,1,0,0.1952376365661621,3.687848146,1.368644229,35,11,1,6.822043174
1763956561.2775526,PRMstarkConfigDefault,3,35,5,6,A,B,B,16.506359815597534,0.3447006576288032,0.1686143764023323,0.03,0,1,1,0,0.2292461395263672,2.612574059,1.355626294,25,14,1,8.177669468
1763956563.3809855,PRMstarkConfigDefault,3,35,5,7,A,B,B,18.79798197746277,0.1686143764023323,0.017812524302615994,0.03,1,1,1,0,0.1719510555267334,1.433784878,1.131939714,12,11,1,9.309609181999999
1763956565.577103,PRMstarkConfigDefault,3,36,6,0,B,A,A,0.11235260963439941,1.4505352947203183,1.3647980550591763,0.03,0,1,1,0,0.14478707313537598,4.225840335,1.377240601,82,20,0,1.377240601
1763956567.7883065,PRMstarkConfigDefault,3,36,6,1,B,A,A,2.2950971126556396,1.3647980550591763,1.3333980807929644,0.03,0,1,1,0,0.1925504207611084,4.319976384,1.362562514,80,19,0,2.739803115
1763956569.8777235,PRMstarkConfigDefault,3,36,6,2,B,A,A,4.510959148406982,1.3333980807929644,1.0079915239771555,0.03,0,1,1,0,0.1440439224243164,3.716514392,1.362520955,62,19,0,4.10232407
1763956572.07799,PRMstarkConfigDefault,3,36,6,3,B,A,A,6.598217010498047,1.0079915239771555,0.6120006467528311,0.03,0,1,1,0,0.15593886375427246,3.05256768,1.362562831,44,19,0,5.464886901
1763956574.3766828,PRMstarkConfigDefault,3,36,6,4,B,A,A,8.79110860824585,0.6120006467528311,0.20907473276712435,0.03,0,1,1,0,0.2228713035583496,2.263962197,1.369387612,26,18,0,6.8342745129999996
1763956576.3765528,PRMstarkConfigDefault,3,36,6,5,B,A,A,11.100794315338135,0.20907473276712435,4.033136640423859e-05,0.03,1,1,1,0,0.14196372032165527,1.241761362,1.241761362,9,9,0,8.076035874999999
1763956578.600227,PRMstarkConfigDefault,3,37,7,0,A,B,B,0.10201859474182129,1.4500337124498153,1.3391286617773852,0.03,0,1,1,0,0.14011716842651367,3.9134430890000003,1.397868556,60,18,0,1.397868556
1763956580.897921,PRMstarkConfigDefault,3,37,7,1,A,B,B,2.298210620880127,1.3391286617773852,1.3342594913927748,0.03,0,1,1,0,0.1907203197479248,5.048654977,1.373301293,79,14,0,2.7711698489999996
1763956583.0935845,PRMstarkConfigDefault,3,37,7,2,A,B,B,4.598164319992065,1.3342594913927748,0.8807697442376096,0.03,0,1,1,0,0.1453859806060791,6.543879914,1.359721946,82,13,0,4.130891795
1763956583.3265553,PRMstarkConfigDefault,3,37,7,3,A,B,B,6.806067228317261,0.8807697442376096,0.8807697442376096,0.03,0,0,0,1,0.1282968521118164,0.0,0.0,0,0,1,4.130891795
1763956586.3778894,PRMstarkConfigDefault,3,37,7,4,A,B,B,7.886126279830933,0.8807697442376096,0.676114679928757,0.03,0,1,1,0,0.1462843418121338,4.770975548,1.395927682,62,7,1,5.526819477
1763956588.5755298,PRMstarkConfigDefault,3,37,7,5,A,B,B,10.099169254302979,0.676114679928757,0.683258542317369,0.03,0,1,1,0,0.1497039794921875,3.014195683,1.371973587,48,22,1,6.898793064
1763956590.8767836,PRMstarkConfigDefault,3,37,7,6,A,B,B,12.30760669708252,0.683258542317369,0.8768166279250658,0.03,0,1,1,0,0.2197732925415039,3.550960909,1.395407159,47,16,1,8.294200223
1763956593.1570919,PRMstarkConfigDefault,3,37,7,7,A,B,B,14.603256940841675,0.8768166279250658,0.5910120753843169,0.03,0,1,1,0,0.19143247604370117,2.749773185,1.367501407,33,17,1,9.661701630000001
1763956595.356093,PRMstarkConfigDefault,3,37,7,8,A,B,B,16.877378702163696,0.5910120753843169,0.12693297431803313,0.03,0,1,1,0,0.20003962516784668,1.874691414,1.303550012,17,14,1,10.965251642000002
1763956597.0691862,PRMstarkConfigDefault,3,37,7,9,A,B,B,19.09973645210266,0.12693297431803313,5.283194830936698e-05,0.03,1,1,1,0,0.17775702476501465,0.801970768,0.801970768,4,4,1,11.767222410000002
1763956599.4513369,PRMstarkConfigDefault,3,38,8,0,B,A,A,0.09786772727966309,1.4499938033751658,1.1594677087980123,0.03,0,1,1,0,0.15653538703918457,3.737551371,1.395363936,65,20,0,1.395363936
1763956601.6509826,PRMstarkConfigDefault,3,38,8,1,B,A,A,2.4837443828582764,1.1594677087980123,1.214597372351523,0.03,0,1,1,0,0.13480567932128906,3.886636435,1.366317987,75,21,0,2.7616819230000003
1763956603.8476758,PRMstarkConfigDefault,3,38,8,2,B,A,A,4.6799397468566895,1.214597372351523,1.22623127171206,0.03,0,1,1,0,0.16878628730773926,3.317520372,1.377885925,63,24,0,4.139567848
1763956606.345343,PRMstarkConfigDefault,3,38,8,3,B,A,A,6.874239206314087,1.22623127171206,1.212619056627289,0.03,0,1,1,0,0.1936185359954834,3.823020674,1.370301351,58,17,0,5.509869199000001
1763956608.5492446,PRMstarkConfigDefault,3,38,8,4,B,A,A,9.387354135513306,1.212619056627289,1.1771547091618149,0.03,0,1,1,0,0.13675808906555176,5.389030051,1.365551006,80,19,0,6.875420205000001
1763956610.7559102,PRMstarkConfigDefault,3,38,8,5,B,A,A,11.640571117401123,1.1771547091618149,0.9236675546362737,0.03,0,1,1,0,0.06416940689086914,3.219187781,1.367527517,59,23,0,8.242947722
1763956616.12261,PRMstarkConfigDefault,3,38,8,6,B,A,A,13.774716138839722,0.9236675546362737,0.9236675546362737,0.03,0,0,0,1,5.237383604049683,0.0,0.0,0,0,1,8.242947722
1763956618.2756917,PRMstarkConfigDefault,3,38,8,7,B,A,A,19.117350339889526,0.9236675546362737,0.478497142034495,0.03,0,1,1,0,0.08601617813110352,2.600762735,1.375936282,37,21,1,9.618884004
1763956620.4862008,PRMstarkConfigDefault,3,38,8,8,B,A,A,21.33145260810852,0.478497142034495,0.030567813525406943,0.03,0,1,1,0,0.15807080268859863,1.568890959,1.292489791,17,16,1,10.911373795
1763956621.6692138,PRMstarkConfigDefault,3,38,8,9,B,A,A,23.50866413116455,0.030567813525406943,8.472641830860838e-05,0.03,1,1,1,0,0.12011051177978516,0.284128056,0.284128056,2,2,1,11.195501851
1763956623.9903936,PRMstarkConfigDefault,3,39,9,0,A,B,B,0.09996581077575684,1.4499557712297348,1.271155960493476,0.03,0,1,1,0,0.1763005256652832,3.9214938200000002,1.392593485,56,16,0,1.392593485
1763956626.220654,PRMstarkConfigDefault,3,39,9,1,A,B,B,2.3998429775238037,1.271155960493476,0.945667709856707,0.03,0,1,1,0,0.16272950172424316,3.228200838,1.3687174180000001,44,17,0,2.761310903
1763956628.474704,PRMstarkConfigDefault,3,39,9,2,A,B,B,4.711758852005005,0.945667709856707,0.8154915304438417,0.03,0,1,1,0,0.171187162399292,4.507281091,1.39899725,44,13,0,4.160308153
1763956630.7032008,PRMstarkConfigDefault,3,39,9,3,A,B,B,6.909276723861694,0.8154915304438417,0.18844102118249628,0.03,0,1,1,0,0.14003443717956543,2.077286141,1.379750738,19,15,0,5.540058891
1763956632.4046316,PRMstarkConfigDefault,3,39,9,4,A,B,B,9.102609872817993,0.18844102118249628,9.65503132841899e-05,0.03,1,1,1,0,0.14796781539916992,0.935262225,0.935262225,5,5,0,6.475321116
1763956634.5690405,BKPIECEkConfigDefault,4,40,0,0,B,A,A,0.06222963333129883,1.449960131578656,1.2149517986203753,0.03,0,1,1,0,0.15524673461914062,3.644024055,1.386785911,59,19,0,1.386785911
1763956636.76951,BKPIECEkConfigDefault,4,40,0,1,B,A,A,2.259664535522461,1.2149517986203753,1.1006267557206182,0.03,0,1,1,0,0.13315033912658691,4.922383334,1.384634214,100,20,0,2.771420125
1763956639.075111,BKPIECEkConfigDefault,4,40,0,2,B,A,A,4.462057113647461,1.1006267557206182,1.3255254671174848,0.03,0,1,1,0,0.19711041450500488,3.79028575,1.377635174,78,23,0,4.1490552990000005
1763956641.2906342,BKPIECEkConfigDefault,4,40,0,3,B,A,A,6.787456035614014,1.3255254671174848,0.9888105142864951,0.03,0,1,1,0,0.13748955726623535,3.006593732,1.376271212,58,26,0,5.525326511
1763956643.4692316,BKPIECEkConfigDefault,4,40,0,4,B,A,A,8.963624238967896,0.9888105142864951,0.37752984454093214,0.03,0,1,1,0,0.1584796905517578,2.406497358,1.379719921,37,24,0,6.905046432000001
1763956645.4748735,BKPIECEkConfigDefault,4,40,0,5,B,A,A,11.160279750823975,0.37752984454093214,0.04115913106665917,0.03,0,1,1,0,0.15348315238952637,1.403582146,1.075985489,10,9,0,7.9810319210000005
1763956646.5915637,BKPIECEkConfigDefault,4,40,0,6,B,A,A,13.188603639602661,0.04115913106665917,5.9802726220318366e-05,0.03,1,1,1,0,0.1524507999420166,0.320194216,0.320194216,2,2,0,8.301226137
1763956648.8717904,BKPIECEkConfigDefault,4,41,1,0,A,B,B,0.1050422191619873,1.4499743081180667,1.3796881957246534,0.03,0,1,1,0,0.24246478080749512,4.322533091,1.368423121,74,18,0,1.368423121
1763956651.0893435,BKPIECEkConfigDefault,4,41,1,1,A,B,B,2.375237464904785,1.3796881957246534,1.1717585988360095,0.03,0,1,1,0,0.15941905975341797,3.300827476,1.362559887,52,19,0,2.730983008
1763956656.8549037,BKPIECEkConfigDefault,4,41,1,2,A,B,B,4.573346138000488,1.1717585988360095,1.1717585988360095,0.03,0,0,0,1,5.66338324546814,0.0,0.0,0,0,1,2.730983008
1763956659.028116,BKPIECEkConfigDefault,4,41,1,3,A,B,B,10.379488945007324,1.1717585988360095,0.9549576156204893,0.03,0,1,1,0,0.10741662979125977,3.95515919,1.389127528,65,19,1,4.120110536
1763956661.224764,BKPIECEkConfigDefault,4,41,1,4,A,B,B,12.524717569351196,0.9549576156204893,0.5970562109037693,0.03,0,1,1,0,0.17244744300842285,3.5126768950000002,1.37871229,50,17,1,5.4988228260000005
1763956663.4200845,BKPIECEkConfigDefault,4,41,1,5,A,B,B,14.73859715461731,0.5970562109037693,1.0107434299911393,0.03,0,1,1,0,0.12113451957702637,3.69898148,1.379421084,74,23,1,6.87824391
1763956665.8352394,BKPIECEkConfigDefault,4,41,1,6,A,B,B,16.930529356002808,1.0107434299911393,0.6258921955446987,0.03,0,1,1,0,0.2261195182800293,2.736571155,1.381808965,45,24,1,8.260052875
1763956668.0254648,BKPIECEkConfigDefault,4,41,1,7,A,B,B,19.342570543289185,0.6258921955446987,0.9611194860386744,0.03,0,1,1,0,0.13431143760681152,3.7280707140000002,1.382636814,55,17,1,9.642689689
1763956670.2225971,BKPIECEkConfigDefault,4,41,1,8,A,B,B,21.527766942977905,0.9611194860386744,0.5470985725767027,0.03,0,1,1,0,0.14814424514770508,2.502645554,1.361489044,32,19,1,11.004178733
1763956672.4212651,BKPIECEkConfigDefault,4,41,1,9,A,B,B,23.72710871696472,0.5470985725767027,0.9516236305895251,0.03,0,1,1,0,0.15182065963745117,3.348339966,1.355825122,45,16,1,12.360003855
1763956674.8191764,BKPIECEkConfigDefault,4,41,1,10,A,B,B,25.92449426651001,0.9516236305895251,0.5306799396041674,0.03,0,1,1,0,0.17194294929504395,2.398844426,1.342650437,27,17,1,13.702654292
1763956677.019874,BKPIECEkConfigDefault,4,41,1,11,A,B,B,28.327044010162354,0.5306799396041674,0.5863497629458463,0.03,0,1,1,0,0.1564161777496338,5.361613377,1.3412702859999999,49,6,1,15.043924578
1763956679.3190136,BKPIECEkConfigDefault,4,41,1,12,A,B,B,30.528287410736084,0.5863497629458463,0.08176592332801433,0.03,0,1,1,0,0.19644618034362793,1.832428234,1.393726263,18,16,1,16.437650841
1763956680.6321015,BKPIECEkConfigDefault,4,41,1,13,A,B,B,32.82566571235657,0.08176592332801433,6.373729920407084e-05,0.03,1,1,1,0,0.12891244888305664,0.586151159,0.586151159,3,3,1,17.023802
1763956682.824832,BKPIECEkConfigDefault,4,42,2,0,B,A,A,0.08997988700866699,1.4500119801249074,1.365477235216204,0.03,0,1,1,0,0.1551368236541748,4.403603686,1.378744236,89,21,0,1.378744236
1763956685.2304313,BKPIECEkConfigDefault,4,42,2,1,B,A,A,2.2906219959259033,1.365477235216204,0.9362836849723365,0.03,0,1,1,0,0.2624986171722412,3.27531365,1.368803486,53,21,0,2.747547722
1763956687.522933,BKPIECEkConfigDefault,4,42,2,2,B,A,A,4.695427894592285,0.9362836849723365,0.8205510467063104,0.03,0,1,1,0,0.18724417686462402,3.890411543,1.360471116,71,19,0,4.1080188380000004
1763956689.72164,BKPIECEkConfigDefault,4,42,2,3,B,A,A,7.006121873855591,0.8205510467063104,0.2985645061978198,0.03,0,1,1,0,0.09552145004272461,3.188573118,1.39770971,47,19,0,5.505728548
1763956691.9480076,BKPIECEkConfigDefault,4,42,2,4,B,A,A,9.190150260925293,0.2985645061978198,0.8250790211926453,0.03,0,1,1,0,0.19534969329833984,4.301838527,1.380292561,66,16,0,6.8860211090000005
1763956694.7101977,BKPIECEkConfigDefault,4,42,2,5,B,A,A,11.390214681625366,0.8250790211926453,1.205886609593999,0.03,0,1,1,0,0.1643073558807373,5.125981566,1.370387408,72,19,0,8.256408517
1763956697.016197,BKPIECEkConfigDefault,4,42,2,6,B,A,A,14.176768064498901,1.205886609593999,1.0964616856615403,0.03,0,1,1,0,0.24052906036376953,3.571301845,1.363301775,64,21,0,9.619710292
1763956699.211117,BKPIECEkConfigDefault,4,42,2,7,B,A,A,16.478335857391357,1.0964616856615403,0.6820091238479298,0.03,0,1,1,0,0.17141318321228027,2.854322913,1.375932897,44,22,0,10.995643189
1763956701.5111895,BKPIECEkConfigDefault,4,42,2,8,B,A,A,18.682640075683594,0.6820091238479298,0.13116245563372417,0.03,0,1,1,0,0.17737555503845215,1.93747833,1.36158932,23,19,0,12.357232509000001
1763956703.1178827,BKPIECEkConfigDefault,4,42,2,9,B,A,A,20.977364540100098,0.13116245563372417,7.046744400604452e-05,0.03,1,1,1,0,0.12042093276977539,0.820824075,0.820824075,6,6,0,13.178056584
1763956708.4706511,BKPIECEkConfigDefault,4,43,3,0,A,B,B,0.09433722496032715,1.449949213194978,1.449949213194978,0.03,0,0,0,1,5.253716230392456,0.0,0.0,0,0,1,0.0
1763956710.7105708,BKPIECEkConfigDefault,4,43,3,1,A,B,B,5.410409688949585,1.449949213194978,1.370663226976321,0.03,0,1,1,0,0.16344285011291504,3.8300582949999997,1.371160981,59,17,1,1.371160981
1763956712.9157438,BKPIECEkConfigDefault,4,43,3,2,A,B,B,7.690409898757935,1.370663226976321,1.3237420422140274,0.03,0,1,1,0,0.1420295238494873,3.74097263,1.3488950659999999,48,14,1,2.720056047
1763956715.1129162,BKPIECEkConfigDefault,4,43,3,3,A,B,B,9.893280267715454,1.3237420422140274,1.1845710936674023,0.03,0,1,1,0,0.17092514038085938,4.605663644,1.377712862,57,12,1,4.097768909
1763956717.3125792,BKPIECEkConfigDefault,4,43,3,4,A,B,B,12.098219871520996,1.1845710936674023,0.9483775784414576,0.03,0,1,1,0,0.13135170936584473,4.233703629,1.369014013,66,16,1,5.466782922
1763956719.7271776,BKPIECEkConfigDefault,4,43,3,5,A,B,B,14.29907488822937,0.9483775784414576,0.8945850814056543,0.03,0,1,1,0,0.14714980125427246,4.358651553,1.390283049,81,20,1,6.857065971
1763956721.9192905,BKPIECEkConfigDefault,4,43,3,6,A,B,B,16.707431316375732,0.8945850814056543,0.8395488657984288,0.03,0,1,1,0,0.12909221649169922,3.207892819,1.3615502099999999,44,17,1,8.218616181
1763956724.2155104,BKPIECEkConfigDefault,4,43,3,7,A,B,B,18.912388801574707,0.8395488657984288,0.7662332316794394,0.03,0,1,1,0,0.1798417568206787,2.796901121,1.353655144,33,16,1,9.572271324999999
1763956726.4165757,BKPIECEkConfigDefault,4,43,3,8,A,B,B,21.190881490707397,0.7662332316794394,0.22327569713201056,0.03,0,1,1,0,0.15529084205627441,2.032350503,1.338967666,18,14,1,10.911238991
1763956728.6188176,BKPIECEkConfigDefault,4,43,3,9,A,B,B,23.398492097854614,0.22327569713201056,0.1764143268804842,0.03,0,1,1,0,0.1544184684753418,4.257878862,1.354684493,61,14,1,12.265923484
1763956730.9163787,BKPIECEkConfigDefault,4,43,3,10,A,B,B,25.592523097991943,0.1764143268804842,0.014538112641588122,0.03,1,1,1,0,0.23642516136169434,1.701236555,1.384778718,15,14,1,13.650702202
1763956733.4226139,BKPIECEkConfigDefault,4,44,4,0,B,A,A,0.10483026504516602,1.4508331019342715,1.4081670955779264,0.03,0,1,1,0,0.1954338550567627,7.006730963,1.371998047,85,14,0,1.371998047
1763956735.7140164,BKPIECEkConfigDefault,4,44,4,1,B,A,A,2.5910980701446533,1.4081670955779264,1.2394094309907893,0.03,0,1,1,0,0.2802443504333496,7.06480889,1.239325841,80,9,0,2.6113238880000003
1763956738.296473,BKPIECEkConfigDefault,4,44,4,2,B,A,A,4.90138578414917,1.2394094309907893,1.1307585262942423,0.03,0,1,1,0,0.12282156944274902,3.395789272,1.36703031,60,21,0,3.9783541980000003
1763956740.6072347,BKPIECEkConfigDefault,4,44,4,3,B,A,A,7.483692169189453,1.1307585262942423,0.967467361805162,0.03,0,1,1,0,0.2006986141204834,3.433695896,1.382803222,63,23,0,5.3611574200000005
1763956742.7973564,BKPIECEkConfigDefault,4,44,4,4,B,A,A,9.781678915023804,0.967467361805162,0.6737950801391746,0.03,0,1,1,0,0.1293184757232666,3.448166576,1.397086722,65,23,0,6.758244142000001
1763956745.0005362,BKPIECEkConfigDefault,4,44,4,5,B,A,A,11.97852373123169,0.6737950801391746,0.6892417525649618,0.03,0,1,1,0,0.1260664463043213,3.608255754,1.357956666,45,14,0,8.116200808
1763956747.321051,BKPIECEkConfigDefault,4,44,4,6,B,A,A,14.183777332305908,0.6892417525649618,1.1578621030714897,0.03,0,1,1,0,0.20706462860107422,4.216069717,1.357963172,60,15,0,9.47416398
1763956749.6003904,BKPIECEkConfigDefault,4,44,4,7,B,A,A,16.50949501991272,1.1578621030714897,0.9334897174854329,0.03,0,1,1,0,0.15340638160705566,3.457364538,1.3945430939999999,57,20,0,10.868707074
1763956751.8093183,BKPIECEkConfigDefault,4,44,4,8,B,A,A,18.782015323638916,0.9334897174854329,0.4786728118628633,0.03,0,1,1,0,0.16670799255371094,2.790428876,1.397599015,38,20,0,12.266306089
1763956754.104609,BKPIECEkConfigDefault,4,44,4,9,B,A,A,20.983378648757935,0.4786728118628633,0.07589430168862837,0.03,0,1,1,0,0.19805002212524414,1.849592503,1.322943774,19,16,0,13.589249863000001
1763956755.6000226,BKPIECEkConfigDefault,4,44,4,10,B,A,A,23.282506465911865,0.07589430168862837,6.606412183022243e-05,0.03,1,1,1,0,0.15071487426757812,0.728771931,0.728771931,4,4,0,14.318021794000002
1763956757.7986553,BKPIECEkConfigDefault,4,45,5,0,A,B,B,0.09446883201599121,1.4500582355177407,1.3863647929676295,0.03,0,1,1,0,0.1827991008758545,4.585277012,1.37977636,84,18,0,1.37977636
1763956760.3003693,BKPIECEkConfigDefault,4,45,5,1,A,B,B,2.3766207695007324,1.3863647929676295,1.1036447008559787,0.03,0,1,1,0,0.043764591217041016,3.77010456,1.388157014,54,17,0,2.767933374
1763956762.5025737,BKPIECEkConfigDefault,4,45,5,2,A,B,B,4.796029329299927,1.1036447008559787,0.8348538379427132,0.03,0,1,1,0,0.13983154296875,3.264747679,1.366229604,47,18,0,4.134162978
1763956764.706443,BKPIECEkConfigDefault,4,45,5,3,A,B,B,6.9995763301849365,0.8348538379427132,0.3997495320408257,0.03,0,1,1,0,0.1383228302001953,2.558489802,1.378652496,30,18,0,5.512815474
1763956766.8031657,BKPIECEkConfigDefault,4,45,5,4,A,B,B,9.195894718170166,0.3997495320408257,0.03592368102205146,0.03,0,1,1,0,0.12591123580932617,1.5905816750000001,1.269168214,13,12,0,6.781983688
1763956767.8993778,BKPIECEkConfigDefault,4,45,5,5,A,B,B,11.304055213928223,0.03592368102205146,8.445573244966657e-05,0.03,1,1,1,0,0.1510756015777588,0.320585728,0.320585728,2,2,0,7.102569416000001
1763956770.1997962,BKPIECEkConfigDefault,4,46,6,0,B,A,A,0.10335946083068848,1.4500400466484638,1.3229254404245758,0.03,0,1,1,0,0.1924748420715332,3.986994439,1.3787902220000001,64,18,0,1.3787902220000001
1763956772.4032075,BKPIECEkConfigDefault,4,46,6,1,B,A,A,2.40073299407959,1.3229254404245758,1.1544806235714113,0.03,0,1,1,0,0.18243002891540527,4.615956572,1.353926869,69,14,0,2.732717091
1763956774.600262,BKPIECEkConfigDefault,4,46,6,2,B,A,A,4.607365846633911,1.1544806235714113,1.3025552569704855,0.03,0,1,1,0,0.1415243148803711,3.9886041370000003,1.356278474,57,15,0,4.088995565
1763956776.8081286,BKPIECEkConfigDefault,4,46,6,3,B,A,A,6.812144756317139,1.3025552569704855,1.1436483208006312,0.03,0,1,1,0,0.09804439544677734,4.142730819,1.378534153,82,21,0,5.467529718
1763956779.100854,BKPIECEkConfigDefault,4,46,6,4,B,A,A,9.016941785812378,1.1436483208006312,0.7196522668573763,0.03,0,1,1,0,0.14340686798095703,2.923571414,1.395610023,45,23,0,6.8631397409999995
1763956781.3000717,BKPIECEkConfigDefault,4,46,6,5,B,A,A,11.31083607673645,0.7196522668573763,1.2415136864210197,0.03,0,1,1,0,0.13362979888916016,4.068192628,1.381739192,81,21,0,8.244878932999999
1763956783.601071,BKPIECEkConfigDefault,4,46,6,6,B,A,A,13.49960970878601,1.2415136864210197,1.1571296387422136,0.03,0,1,1,0,0.23134469985961914,4.867242679,1.38418397,76,7,0,9.629062903
1763956785.8033326,BKPIECEkConfigDefault,4,46,6,7,B,A,A,15.805434226989746,1.1571296387422136,1.2305119808272091,0.03,0,1,1,0,0.1452620029449463,4.439327126,1.3621199769999999,59,6,0,10.99118288
1763956788.009327,BKPIECEkConfigDefault,4,46,6,8,B,A,A,18.003687620162964,1.2305119808272091,1.226865004492284,0.03,0,1,1,0,0.17109155654907227,3.639416766,1.3740500039999999,53,17,0,12.365232884000001
1763956790.3066416,BKPIECEkConfigDefault,4,46,6,9,B,A,A,20.199751615524292,1.226865004492284,1.190119750978288,0.03,0,1,1,0,0.1589794158935547,3.67670961,1.3817370580000001,80,25,0,13.746969942000002
1763956792.6115096,BKPIECEkConfigDefault,4,46,6,10,B,A,A,22.51773452758789,1.190119750978288,0.8209624453017978,0.03,0,1,1,0,0.16025042533874512,2.941419964,1.3889095280000001,55,26,0,15.135879470000003
1763956795.3119302,BKPIECEkConfigDefault,4,46,6,11,B,A,A,24.814099550247192,0.8209624453017978,0.21197344314996514,0.03,0,1,1,0,0.19268035888671875,2.097579303,1.3757898800000001,30,23,0,16.511669350000002
1763956797.4370215,BKPIECEkConfigDefault,4,46,6,12,B,A,A,27.84315013885498,0.21197344314996514,9.782913730613393e-05,0.03,1,1,1,0,0.12316656112670898,1.042165642,1.042165642,8,8,0,17.553834992000002
1763956799.6341107,BKPIECEkConfigDefault,4,47,7,0,A,B,B,0.10383224487304688,1.45002806030721,1.5087231282237672,0.03,0,1,1,0,0.1735525131225586,3.84264612,1.385051604,68,20,0,1.385051604
1763956801.83338,BKPIECEkConfigDefault,4,47,7,1,A,B,B,2.3099658489227295,1.5087231282237672,1.2017150150246387,0.03,0,1,1,0,0.1231081485748291,3.305723668,1.39486204,49,19,0,2.779913644
1763956807.0973573,BKPIECEkConfigDefault,4,47,7,2,A,B,B,4.4958815574646,1.2017150150246387,1.2017150150246387,0.03,0,0,0,1,5.134185791015625,0.0,0.0,0,0,1,2.779913644
1763956809.2843785,BKPIECEkConfigDefault,4,47,7,3,A,B,B,9.752269983291626,1.2017150150246387,0.732109633644375,0.03,0,1,1,0,0.14371919631958008,2.965772919,1.365870653,31,14,1,4.1457842970000005
1763956811.5060654,BKPIECEkConfigDefault,4,47,7,4,A,B,B,11.946518898010254,0.732109633644375,0.21486079949547887,0.03,0,1,1,0,0.1341085433959961,2.170456347,1.339961547,18,13,1,5.485745844
1763956813.3844998,BKPIECEkConfigDefault,4,47,7,5,A,B,B,14.146072626113892,0.21486079949547887,9.476695124832945e-05,0.03,1,1,1,0,0.1498270034790039,0.999823657,0.999823657,6,6,1,6.4855695010000005
1763956815.6888573,BKPIECEkConfigDefault,4,48,8,0,B,A,A,0.09863519668579102,1.4500913025066993,1.3124408765962297,0.03,0,1,1,0,0.23130559921264648,5.996051925,1.383430992,80,17,0,1.383430992
1763956817.9019432,BKPIECEkConfigDefault,4,48,8,1,B,A,A,2.4023783206939697,1.3124408765962297,1.056123288299929,0.03,0,1,1,0,0.1541585922241211,3.541447362,1.385346258,60,21,0,2.7687772500000003
1763956820.3002882,BKPIECEkConfigDefault,4,48,8,2,B,A,A,4.601179838180542,1.056123288299929,1.256960639203159,0.03,0,1,1,0,0.15090680122375488,4.023460031,1.368130799,73,20,0,4.1369080490000005
1763956822.5030632,BKPIECEkConfigDefault,4,48,8,3,B,A,A,7.012929201126099,1.256960639203159,1.0467515362456843,0.03,0,1,1,0,0.171403169631958,3.451285707,1.38450572,50,18,0,5.5214137690000005
1763956824.6261935,BKPIECEkConfigDefault,4,48,8,4,B,A,A,9.212997198104858,1.0467515362456843,0.6444922037268577,0.03,0,1,1,0,0.12987899780273438,3.722587556,1.384605876,70,22,0,6.906019645000001
1763956826.8012033,BKPIECEkConfigDefault,4,48,8,5,B,A,A,11.316650629043579,0.6444922037268577,1.1815025405042903,0.03,0,1,1,0,0.1726846694946289,4.29017451,1.38381759,97,24,0,8.289837235
1763956829.1079936,BKPIECEkConfigDefault,4,48,8,6,B,A,A,13.51851201057434,1.1815025405042903,1.0438382557392767,0.03,0,1,1,0,0.19599056243896484,3.55920713,1.385703175,63,21,0,9.67554041
1763956831.4037056,BKPIECEkConfigDefault,4,48,8,7,B,A,A,15.813534498214722,1.0438382557392767,0.8706367485120305,0.03,0,1,1,0,0.15921425819396973,3.517814595,1.390095571,58,20,0,11.065635981
1763956833.601745,BKPIECEkConfigDefault,4,48,8,8,B,A,A,18.12568426132202,0.8706367485120305,0.5642917186765343,0.03,0,1,1,0,0.15649676322937012,3.264996152,1.383749937,54,22,0,12.449385917999999
1763956835.9019961,BKPIECEkConfigDefault,4,48,8,9,B,A,A,20.319437980651855,0.5642917186765343,1.1695248942788123,0.03,0,1,1,0,0.18196630477905273,5.911599025,1.367901488,85,19,0,13.817287405999998
1763956838.3050656,BKPIECEkConfigDefault,4,48,8,10,B,A,A,22.612658500671387,1.1695248942788123,0.9262262859743482,0.03,0,1,1,0,0.277726411819458,4.176383819,1.378359414,78,20,0,15.195646819999999
1763956840.501847,BKPIECEkConfigDefault,4,48,8,11,B,A,A,25.016091108322144,0.9262262859743482,0.6146560824410047,0.03,0,1,1,0,0.12414288520812988,3.402506698,1.382739698,59,21,0,16.578386518
1763956842.9009101,BKPIECEkConfigDefault,4,48,8,12,B,A,A,27.232444524765015,0.6146560824410047,0.3187087066532382,0.03,0,1,1,0,0.2846872806549072,2.8514957819999998,1.362064392,39,19,0,17.94045091
1763956845.112982,BKPIECEkConfigDefault,4,48,8,13,B,A,A,29.616487503051758,0.3187087066532382,0.06178243235644047,0.03,0,1,1,0,0.139540433883667,2.034176191,1.396648163,21,17,0,19.337099072999997
1763956846.8124783,BKPIECEkConfigDefault,4,48,8,14,B,A,A,31.83601975440979,0.06178243235644047,6.211814185336074e-05,0.03,1,1,1,0,0.14666366577148438,0.804657897,0.804657897,5,5,0,20.141756969999996
1763956849.0079598,BKPIECEkConfigDefault,4,49,9,0,A,B,B,0.11977338790893555,1.4500305158644469,1.294595006197649,0.03,0,1,1,0,0.10841751098632812,3.908220245,1.380577086,68,20,0,1.380577086
1763956851.3256235,BKPIECEkConfigDefault,4,49,9,1,A,B,B,2.2908523082733154,1.294595006197649,0.8733383359301485,0.03,0,1,1,0,0.20817279815673828,3.336885683,1.3727349420000001,54,20,0,2.753312028
1763956853.6074617,BKPIECEkConfigDefault,4,49,9,2,A,B,B,4.6020567417144775,0.8733383359301485,1.152433406835548,0.03,0,1,1,0,0.210601806640625,7.038264429,1.3725129790000001,96,19,0,4.1258250069999995
1763956858.8207834,BKPIECEkConfigDefault,4,49,9,3,A,B,B,6.889989376068115,1.152433406835548,1.152433406835548,0.03,0,0,0,1,5.095966339111328,0.0,0.0,0,0,1,4.1258250069999995
1763956860.982842,BKPIECEkConfigDefault,4,49,9,4,A,B,B,12.07024335861206,1.152433406835548,1.139327829055404,0.03,0,1,1,0,0.11828327178955078,3.585096849,1.389406257,68,23,1,5.515231264
1763956863.6962512,BKPIECEkConfigDefault,4,49,9,5,A,B,B,14.272159814834595,1.139327829055404,0.950994353258997,0.03,0,1,1,0,0.1817011833190918,3.478561476,1.399852013,53,19,1,6.915083277
1763956865.895383,BKPIECEkConfigDefault,4,49,9,6,A,B,B,16.98051357269287,0.950994353258997,0.6657592880677345,0.03,0,1,1,0,0.17491912841796875,3.770119602,1.389712999,49,15,1,8.304796276
1763956868.2020295,BKPIECEkConfigDefault,4,49,9,7,A,B,B,19.187246799468994,0.6657592880677345,0.8508831704240356,0.03,0,1,1,0,0.1882336139678955,3.341710702,1.365665936,44,16,1,9.670462212
1763956870.500007,BKPIECEkConfigDefault,4,49,9,8,A,B,B,21.504865169525146,0.8508831704240356,0.8087438450260557,0.03,0,1,1,0,0.10550856590270996,3.553796701,1.365189132,53,17,1,11.035651344
1763956872.7000954,BKPIECEkConfigDefault,4,49,9,9,A,B,B,23.79681706428528,0.8087438450260557,0.8507341503967359,0.03,0,1,1,0,0.12615966796875,3.060277767,1.379579587,53,23,1,12.415230931
1763956874.9050822,BKPIECEkConfigDefault,4,49,9,10,A,B,B,26.01260542869568,0.8507341503967359,0.8446714428677005,0.03,0,1,1,0,0.11167788505554199,4.95826153,1.346838505,53,8,1,13.762069436
1763956877.194248,BKPIECEkConfigDefault,4,49,9,11,A,B,B,28.186281204223633,0.8446714428677005,0.7693840854943849,0.03,0,1,1,0,0.13612771034240723,3.479496204,1.362879854,56,19,1,15.12494929
1763956879.7799456,BKPIECEkConfigDefault,4,49,9,12,A,B,B,30.483277082443237,0.7693840854943849,0.578583866914876,0.03,0,1,1,0,0.1496424674987793,3.320032058,1.383427079,46,17,1,16.508376369
1763956881.987207,BKPIECEkConfigDefault,4,49,9,13,A,B,B,33.065428018569946,0.578583866914876,0.2405233767982252,0.03,0,1,1,0,0.1358792781829834,2.385809491,1.380002685,26,17,1,17.888379054
1763956883.8792915,BKPIECEkConfigDefault,4,49,9,14,A,B,B,35.28419280052185,0.2405233767982252,7.229186658423105e-05,0.03,1,1,1,0,0.11102747917175293,1.153392075,1.153392075,10,10,1,19.041771129
1763956886.0777009,LBKPIECEkConfigDefault,5,50,0,0,B,A,A,0.11104917526245117,1.4500122832725035,1.3655943429287964,0.03,0,1,1,0,0.2127702236175537,7.539317166,1.349327886,85,10,0,1.349327886
1763956888.278684,LBKPIECEkConfigDefault,5,50,0,1,B,A,A,2.2993321418762207,1.3655943429287964,1.249313269980935,0.03,0,1,1,0,0.1452350616455078,3.636103229,1.399901416,67,22,0,2.749229302
1763956890.5793035,LBKPIECEkConfigDefault,5,50,0,2,B,A,A,4.50769829750061,1.249313269980935,0.9649449495101654,0.03,0,1,1,0,0.17363262176513672,3.425545329,1.3884961009999999,59,21,0,4.137725402999999
1763956892.7772567,LBKPIECEkConfigDefault,5,50,0,3,B,A,A,6.807560682296753,0.9649449495101654,0.9122608992154609,0.03,0,1,1,0,0.1686396598815918,4.211198429,1.35748273,68,10,0,5.495208132999999
1763956894.9778514,LBKPIECEkConfigDefault,5,50,0,4,B,A,A,9.015812635421753,0.9122608992154609,1.148979540343148,0.03,0,1,1,0,0.12772583961486816,3.94078039,1.3676363280000001,79,22,0,6.862844461
1763956897.1770768,LBKPIECEkConfigDefault,5,50,0,5,B,A,A,11.199726343154907,1.148979540343148,0.8163955567908904,0.03,0,1,1,0,0.12198567390441895,2.986558589,1.385525514,53,24,0,8.248369975
1763956899.3807242,LBKPIECEkConfigDefault,5,50,0,6,B,A,A,13.395723819732666,0.8163955567908904,0.7772527849650537,0.03,0,1,1,0,0.15645456314086914,3.573721491,1.392167946,48,16,0,9.640537921
1763956901.5795665,LBKPIECEkConfigDefault,5,50,0,7,B,A,A,15.597748517990112,0.7772527849650537,0.6628034408765733,0.03,0,1,1,0,0.14928627014160156,3.081447629,1.362730536,33,14,0,11.003268457
1763956903.7943356,LBKPIECEkConfigDefault,5,50,0,8,B,A,A,17.79838252067566,0.6628034408765733,0.22096355549499236,0.03,0,1,1,0,0.1423356533050537,2.163802755,1.371751942,23,17,0,12.375020399
1763956905.7801974,LBKPIECEkConfigDefault,5,50,0,9,B,A,A,20.007569551467896,0.22096355549499236,9.162854269105767e-05,0.03,1,1,1,0,0.14397549629211426,1.222050013,1.222050013,6,6,0,13.597070412
1763956908.0767848,LBKPIECEkConfigDefault,5,51,1,0,A,B,B,0.09464383125305176,1.4500293022589124,1.4200309021062072,0.03,0,1,1,0,0.2290959358215332,4.695382415,1.375181525,93,19,0,1.375181525
1763956910.2851822,LBKPIECEkConfigDefault,5,51,1,1,A,B,B,2.3927268981933594,1.4200309021062072,1.06167900947345,0.03,0,1,1,0,0.156724214553833,3.822205705,1.389693922,59,18,0,2.7648754469999997
1763956912.5775144,LBKPIECEkConfigDefault,5,51,1,2,A,B,B,4.592907190322876,1.06167900947345,0.9123054720857269,0.03,0,1,1,0,0.196580171585083,3.541063801,1.387721394,58,20,0,4.152596840999999
1763956914.8779683,LBKPIECEkConfigDefault,5,51,1,3,A,B,B,6.898000240325928,0.9123054720857269,0.8232002812820712,0.03,0,1,1,0,0.15922212600708008,3.077373758,1.366641913,48,20,0,5.519238754
1763956917.0796416,LBKPIECEkConfigDefault,5,51,1,4,A,B,B,9.191055297851562,0.8232002812820712,0.589548031896218,0.03,0,1,1,0,0.15240716934204102,3.447850543,1.398323361,54,20,0,6.917562115
1763956919.2786796,LBKPIECEkConfigDefault,5,51,1,5,A,B,B,11.406144857406616,0.589548031896218,0.8453089782106747,0.03,0,1,1,0,0.18375301361083984,4.562343889,1.37385007,69,15,0,8.291412185
1763956921.5070157,LBKPIECEkConfigDefault,5,51,1,6,A,B,B,13.600359439849854,0.8453089782106747,0.3992072498400812,0.03,0,1,1,0,0.14690041542053223,2.409599022,1.382009622,34,22,0,9.673421807
1763956923.4784791,LBKPIECEkConfigDefault,5,51,1,7,A,B,B,15.793083906173706,0.3992072498400812,0.03577042528758707,0.03,0,1,1,0,0.12631940841674805,1.4420645730000001,1.147593817,13,12,0,10.821015624000001
1763956924.576738,LBKPIECEkConfigDefault,5,51,1,8,A,B,B,17.803532361984253,0.03577042528758707,7.584233630928761e-05,0.03,1,1,1,0,0.13988685607910156,0.286262052,0.286262052,2,2,0,11.107277676
1763956926.8877678,LBKPIECEkConfigDefault,5,52,2,0,B,A,A,0.13741612434387207,1.4499400935031341,1.349431629151642,0.03,0,1,1,0,0.15051579475402832,3.767916522,1.360389326,61,18,0,1.360389326
1763956929.0809395,LBKPIECEkConfigDefault,5,52,2,1,B,A,A,2.428544044494629,1.349431629151642,1.0053546506342366,0.03,0,1,1,0,0.15723681449890137,3.223482403,1.391770644,60,24,0,2.75215997
1763956931.37613,LBKPIECEkConfigDefault,5,52,2,2,B,A,A,4.604955196380615,1.0053546506342366,0.44468373179554155,0.03,0,1,1,0,0.18891501426696777,2.437564085,1.372753304,37,23,0,4.124913274
1763956933.477625,LBKPIECEkConfigDefault,5,52,2,3,B,A,A,6.901529550552368,0.44468373179554155,0.03197552952746443,0.03,0,1,1,0,0.15596914291381836,1.483256132,1.204841784,15,14,0,5.329755058
1763956934.5756032,LBKPIECEkConfigDefault,5,52,2,4,B,A,A,9.009232759475708,0.03197552952746443,9.987756292401254e-05,0.03,1,1,1,0,0.17463016510009766,0.286035257,0.286035257,2,2,0,5.615790315
1763956936.876866,LBKPIECEkConfigDefault,5,53,3,0,A,B,B,0.14235758781433105,1.4499063106637504,1.3866653052700106,0.03,0,1,1,0,0.20354008674621582,4.107101116,1.393872794,77,21,0,1.393872794
1763956939.0961404,LBKPIECEkConfigDefault,5,53,3,1,A,B,B,2.392707347869873,1.3866653052700106,1.0052627425253478,0.03,0,1,1,0,0.2168116569519043,3.6026836429999998,1.398085024,65,22,0,2.791957818
1763956941.2950587,LBKPIECEkConfigDefault,5,53,3,2,A,B,B,4.596391916275024,1.0052627425253478,0.8191361382255399,0.03,0,1,1,0,0.1812584400177002,3.8342547380000003,1.352693243,39,11,0,4.144651061
1763956943.4859068,LBKPIECEkConfigDefault,5,53,3,3,A,B,B,6.80013370513916,0.8191361382255399,0.29108125896913545,0.03,0,1,1,0,0.13396143913269043,2.281750722,1.345299407,27,18,0,5.489950468
1763956945.6770408,LBKPIECEkConfigDefault,5,53,3,4,A,B,B,8.99708366394043,0.29108125896913545,6.723895284975663e-05,0.03,1,1,1,0,0.21064472198486328,1.343935272,1.343935272,10,10,0,6.8338857399999995
1763956947.988131,LBKPIECEkConfigDefault,5,54,4,0,B,A,A,0.1033167839050293,1.4499419133238263,1.2464019304338225,0.03,0,1,1,0,0.1464850902557373,3.9147632249999997,1.362814252,54,15,0,1.362814252
1763956950.282218,LBKPIECEkConfigDefault,5,54,4,1,B,A,A,2.4210619926452637,1.2464019304338225,1.3633298706749943,0.03,0,1,1,0,0.16967201232910156,4.251098229,1.387423725,87,22,0,2.7502379770000003
1763956952.4813519,LBKPIECEkConfigDefault,5,54,4,2,B,A,A,4.718486785888672,1.3633298706749943,1.380861590723189,0.03,0,1,1,0,0.10874652862548828,3.585256986,1.381908989,73,24,0,4.1321469660000005
1763956954.878615,LBKPIECEkConfigDefault,5,54,4,3,B,A,A,6.900910139083862,1.380861590723189,1.3342896056185503,0.03,0,1,1,0,0.20506858825683594,4.006096087,1.381526929,75,21,0,5.513673895
1763956957.0778952,LBKPIECEkConfigDefault,5,54,4,4,B,A,A,9.311000347137451,1.3342896056185503,1.1842738024256036,0.03,0,1,1,0,0.1281285285949707,3.358720082,1.375538399,67,25,0,6.889212294
1763956959.1790388,LBKPIECEkConfigDefault,5,54,4,5,B,A,A,11.507984638214111,1.1842738024256036,1.0871673967328415,0.03,0,1,1,0,0.18085837364196777,3.887687584,1.373784699,66,19,0,8.262996993
1763956961.3900044,LBKPIECEkConfigDefault,5,54,4,6,B,A,A,13.601716995239258,1.0871673967328415,1.0354349999351926,0.03,0,1,1,0,0.15252327919006348,3.29094218,1.383346135,68,26,0,9.646343128
1763956963.6809962,LBKPIECEkConfigDefault,5,54,4,7,B,A,A,15.801876068115234,1.0354349999351926,1.1117497777821939,0.03,0,1,1,0,0.20014309883117676,6.439645369,1.389307113,79,7,0,11.035650240999999
1763956965.8782253,LBKPIECEkConfigDefault,5,54,4,8,B,A,A,18.09893298149109,1.1117497777821939,0.9150725262701204,0.03,0,1,1,0,0.1289067268371582,3.532081393,1.3704754270000001,63,21,0,12.406125668
1763956968.090581,LBKPIECEkConfigDefault,5,54,4,9,B,A,A,20.303479194641113,0.9150725262701204,0.5263561587104997,0.03,0,1,1,0,0.1571636199951172,2.775765514,1.39511166,42,22,0,13.801237328
1763956970.376596,LBKPIECEkConfigDefault,5,54,4,10,B,A,A,22.504410982131958,0.5263561587104997,0.08454050652786552,0.03,0,1,1,0,0.20386052131652832,1.8428614269999999,1.346730255,21,18,0,15.147967583
1763956971.8790648,LBKPIECEkConfigDefault,5,54,4,11,B,A,A,24.804535627365112,0.08454050652786552,5.903533764980381e-05,0.03,1,1,1,0,0.15999078750610352,0.688985546,0.688985546,4,4,0,15.836953129
1763956974.1756952,LBKPIECEkConfigDefault,5,55,5,0,A,B,B,0.11149883270263672,1.450017082478784,1.4401576402952818,0.03,0,1,1,0,0.18593645095825195,4.986539812,1.394101858,85,16,0,1.394101858
1763956976.3779044,LBKPIECEkConfigDefault,5,55,5,1,A,B,B,2.39560604095459,1.4401576402952818,1.4153275087537827,0.03,0,1,1,0,0.14578557014465332,4.44607993,1.368518962,68,15,0,2.76262082
1763956978.575513,LBKPIECEkConfigDefault,5,55,5,2,A,B,B,4.595517873764038,1.4153275087537827,1.1292839936632684,0.03,0,1,1,0,0.14738035202026367,3.82496165,1.358891575,49,14,0,4.121512395
1763956980.7867956,LBKPIECEkConfigDefault,5,55,5,3,A,B,B,6.800238609313965,1.1292839936632684,0.721047348703218,0.03,0,1,1,0,0.1339113712310791,3.160896837,1.375512491,37,15,0,5.497024886
1763956982.9805546,LBKPIECEkConfigDefault,5,55,5,4,A,B,B,9.000782012939453,0.721047348703218,0.8068590912541278,0.03,0,1,1,0,0.14595580101013184,6.173843305,1.375920759,44,5,0,6.872945645
1763956983.1894543,LBKPIECEkConfigDefault,5,55,5,5,A,B,B,11.198441743850708,0.8068590912541278,0.8068590912541278,0.03,0,0,0,1,0.1056966781616211,0.0,0.0,0,0,1,6.872945645
1763956986.2977874,LBKPIECEkConfigDefault,5,55,5,6,A,B,B,12.201023817062378,0.8068590912541278,0.6015179170799706,0.03,0,1,1,0,0.19612503051757812,3.722344189,1.363411031,46,7,1,8.236356676
1763956988.5756402,LBKPIECEkConfigDefault,5,55,5,7,A,B,B,14.494914293289185,0.6015179170799706,0.8305194502080314,0.03,0,1,1,0,0.2033369541168213,4.033185767,1.366002079,72,19,1,9.602358755
1763956990.7796342,LBKPIECEkConfigDefault,5,55,5,8,A,B,B,16.798922538757324,0.8305194502080314,0.9245997947823378,0.03,0,1,1,0,0.16005992889404297,3.4965962729999998,1.374157398,71,24,1,10.976516152999999
1763956992.979186,LBKPIECEkConfigDefault,5,55,5,9,A,B,B,18.997007608413696,0.9245997947823378,0.7464189263000984,0.03,0,1,1,0,0.13373684883117676,3.115053581,1.396140891,54,23,1,12.372657043999999
1763956995.1864738,LBKPIECEkConfigDefault,5,55,5,10,A,B,B,21.195193767547607,0.7464189263000984,0.5121534949219007,0.03,0,1,1,0,0.14356660842895508,3.219011397,1.39501779,49,20,1,13.767674834
1763956997.385923,LBKPIECEkConfigDefault,5,55,5,11,A,B,B,23.40531277656555,0.5121534949219007,0.3458371350024157,0.03,0,1,1,0,0.14143705368041992,3.262672463,1.385003576,42,16,1,15.15267841
1763956999.5769851,LBKPIECEkConfigDefault,5,55,5,12,A,B,B,25.616604566574097,0.3458371350024157,0.02340038664855762,0.03,1,1,1,0,0.1433274745941162,1.690791412,1.392445298,17,16,1,16.545123708
1763957001.7769554,LBKPIECEkConfigDefault,5,56,6,0,B,A,A,0.09688115119934082,1.4485071664564664,1.2376363493949065,0.03,0,1,1,0,0.16154241561889648,3.610298262,1.3788837649999999,59,19,0,1.3788837649999999
1763957004.1008968,LBKPIECEkConfigDefault,5,56,6,1,B,A,A,2.2951695919036865,1.2376363493949065,1.1430458266036863,0.03,0,1,1,0,0.1453719139099121,3.98979031,1.356440993,63,17,0,2.735324758
1763957006.2764874,LBKPIECEkConfigDefault,5,56,6,2,B,A,A,4.612206697463989,1.1430458266036863,1.2916708297655581,0.03,0,1,1,0,0.1735219955444336,5.34398802,1.34587684,80,11,0,4.081201598
1763957008.5767803,LBKPIECEkConfigDefault,5,56,6,3,B,A,A,6.802797317504883,1.2916708297655581,1.0888020730862946,0.03,0,1,1,0,0.1887836456298828,3.601618586,1.381571025,76,24,0,5.462772622999999
1763957010.7817013,LBKPIECEkConfigDefault,5,56,6,4,B,A,A,9.106078147888184,1.0888020730862946,1.2243562534422263,0.03,0,1,1,0,0.10624170303344727,3.814207697,1.385582787,70,21,0,6.848355409999999
1763957012.9780357,LBKPIECEkConfigDefault,5,56,6,5,B,A,A,11.30439043045044,1.2243562534422263,1.0759168018352563,0.03,0,1,1,0,0.1610107421875,5.164954382,1.37453549,73,19,0,8.2228909
1763957018.2598486,LBKPIECEkConfigDefault,5,56,6,6,B,A,A,13.499458074569702,1.0759168018352563,1.0759168018352563,0.03,0,0,0,1,5.168902158737183,0.0,0.0,0,0,1,8.2228909
1763957020.5759494,LBKPIECEkConfigDefault,5,56,6,7,B,A,A,18.716695070266724,1.0759168018352563,1.1388023524201774,0.03,0,1,1,0,0.17731332778930664,3.330874442,1.37868509,57,21,1,9.601575989999999
1763957022.8778765,LBKPIECEkConfigDefault,5,56,6,8,B,A,A,21.09816575050354,1.1388023524201774,1.0936215032870498,0.03,0,1,1,0,0.18446040153503418,3.527445098,1.373453225,66,22,1,10.975029215
1763957025.207195,LBKPIECEkConfigDefault,5,56,6,9,B,A,A,23.43231964111328,1.0936215032870498,0.7742030675324336,0.03,0,1,1,0,0.20753931999206543,3.488552389,1.367947646,58,20,1,12.342976860999999
1763957027.5833213,LBKPIECEkConfigDefault,5,56,6,10,B,A,A,25.724288940429688,0.7742030675324336,0.5681792390491376,0.03,0,1,1,0,0.1558678150177002,3.47113376,1.365810264,53,18,1,13.708787124999999
1763957029.7764876,LBKPIECEkConfigDefault,5,56,6,11,B,A,A,28.094445943832397,0.5681792390491376,0.32501757699329464,0.03,0,1,1,0,0.13721156120300293,3.007663717,1.366787608,36,16,1,15.075574733
1763957032.07761,LBKPIECEkConfigDefault,5,56,6,12,B,A,A,30.324210166931152,0.32501757699329464,0.07710536076357205,0.03,0,1,1,0,0.10465288162231445,1.960740718,1.351192758,21,17,1,16.426767491
1763957033.7957773,LBKPIECEkConfigDefault,5,56,6,13,B,A,A,32.60405611991882,0.07710536076357205,6.381977732442911e-05,0.03,1,1,1,0,0.15346312522888184,0.849185429,0.849185429,5,5,1,17.275952919999998
1763957036.082685,LBKPIECEkConfigDefault,5,57,7,0,A,B,B,0.07873058319091797,1.4499676241146526,1.2486511318104478,0.03,0,1,1,0,0.19477081298828125,4.891821283,1.396087927,76,15,0,1.396087927
1763957038.2838287,LBKPIECEkConfigDefault,5,57,7,1,A,B,B,2.385497570037842,1.2486511318104478,0.7924946873002294,0.03,0,1,1,0,0.12604641914367676,3.188272478,1.388422239,48,19,0,2.784510166
1763957040.5777044,LBKPIECEkConfigDefault,5,57,7,2,A,B,B,4.58056116104126,0.7924946873002294,0.34673999103800174,0.03,0,1,1,0,0.16223716735839844,2.430329694,1.364247679,29,18,0,4.148757845
1763957042.5769265,LBKPIECEkConfigDefault,5,57,7,3,A,B,B,6.878650665283203,0.34673999103800174,0.030569935301841416,0.03,0,1,1,0,0.13263797760009766,1.475290314,1.1775657609999999,13,12,0,5.326323606000001
1763957043.7783864,LBKPIECEkConfigDefault,5,57,7,4,A,B,B,8.877274751663208,0.030569935301841416,7.99285439146338e-05,0.03,1,1,1,0,0.20556640625,0.307096997,0.307096997,2,2,0,5.633420603000001
1763957045.9775343,LBKPIECEkConfigDefault,5,58,8,0,B,A,A,0.0975494384765625,1.4500515938771665,1.4134939071482868,0.03,0,1,1,0,0.13397574424743652,5.113889596,1.368100925,91,16,0,1.368100925
1763957048.1844888,LBKPIECEkConfigDefault,5,58,8,1,B,A,A,2.2981297969818115,1.4134939071482868,1.4131694079194015,0.03,0,1,1,0,0.13720393180847168,3.75195612,1.399535154,64,20,0,2.767636079
1763957050.484441,LBKPIECEkConfigDefault,5,58,8,2,B,A,A,4.489680767059326,1.4131694079194015,1.1709400578073956,0.03,0,1,1,0,0.15874314308166504,3.979266676,1.365651038,64,17,0,4.133287117
1763957052.7810252,LBKPIECEkConfigDefault,5,58,8,3,B,A,A,6.800369501113892,1.1709400578073956,1.3304986229373499,0.03,0,1,1,0,0.23269367218017578,3.875636829,1.3773861379999999,71,20,0,5.510673255
1763957055.1834216,LBKPIECEkConfigDefault,5,58,8,4,B,A,A,9.095052480697632,1.3304986229373499,1.0355177813797694,0.03,0,1,1,0,0.17468476295471191,3.306642454,1.393786233,59,23,0,6.9044594880000005
1763957057.4048984,LBKPIECEkConfigDefault,5,58,8,5,B,A,A,11.494902849197388,1.0355177813797694,1.0803101015989738,0.03,0,1,1,0,0.17327046394348145,3.553261328,1.3960481009999999,68,23,0,8.300507589
1763957060.014122,LBKPIECEkConfigDefault,5,58,8,6,B,A,A,13.692331075668335,1.0803101015989738,0.7381837311197013,0.03,0,1,1,0,0.1662578582763672,2.85487786,1.399963229,46,23,0,9.700470818
1763957062.210536,LBKPIECEkConfigDefault,5,58,8,7,B,A,A,16.358335494995117,0.7381837311197013,0.60703109774632,0.03,0,1,1,0,0.11233401298522949,3.178416892,1.376187652,40,16,0,11.07665847
1763957062.5038674,LBKPIECEkConfigDefault,5,58,8,8,B,A,A,18.549073934555054,0.60703109774632,0.60703109774632,0.03,0,0,0,1,0.16241884231567383,0.0,0.0,0,0,1,11.07665847
1763957062.654881,LBKPIECEkConfigDefault,5,58,8,9,B,A,A,18.722099542617798,0.60703109774632,0.60703109774632,0.03,0,0,0,1,0.13847780227661133,0.0,0.0,0,0,2,11.07665847
1763957063.2394564,LBKPIECEkConfigDefault,5,58,8,10,B,A,A,19.328285455703735,0.60703109774632,0.60703109774632,0.03,0,0,0,1,0.11542487144470215,0.0,0.0,0,0,3,11.07665847
1763957066.1597395,LBKPIECEkConfigDefault,5,58,8,11,B,A,A,20.321651458740234,0.60703109774632,0.5392509085723513,0.03,0,1,1,0,0.1661217212677002,2.736505208,1.368373044,27,8,3,12.445031514
1763957068.34873,LBKPIECEkConfigDefault,5,58,8,12,B,A,A,22.461869955062866,0.5392509085723513,0.09441625742799237,0.03,0,1,1,0,0.11166119575500488,1.8213428820000002,1.324883474,20,17,3,13.769914988
1763957069.865456,LBKPIECEkConfigDefault,5,58,8,13,B,A,A,24.66611647605896,0.09441625742799237,9.754258769242876e-05,0.03,1,1,1,0,0.18035626411437988,0.695065021,0.695065021,4,4,3,14.464980009
1763957072.0507302,LBKPIECEkConfigDefault,5,59,9,0,A,B,B,0.08960700035095215,1.4499251815017877,1.357489952884285,0.03,0,1,1,0,0.1555333137512207,4.8369557,1.388911197,83,17,0,1.388911197
1763957074.3512077,LBKPIECEkConfigDefault,5,59,9,1,A,B,B,2.2827610969543457,1.357489952884285,1.3407792045693288,0.03,0,1,1,0,0.17815113067626953,3.798204408,1.396329486,56,17,0,2.785240683
1763957076.5551093,LBKPIECEkConfigDefault,5,59,9,2,A,B,B,4.590136528015137,1.3407792045693288,1.044440055038699,0.03,0,1,1,0,0.17272472381591797,3.12612352,1.358013884,45,18,0,4.143254567
1763957078.8703086,LBKPIECEkConfigDefault,5,59,9,3,A,B,B,6.782242298126221,1.044440055038699,0.6124541097273813,0.03,0,1,1,0,0.17497682571411133,2.932730514,1.398077617,31,15,0,5.541332184
1763957080.9637787,LBKPIECEkConfigDefault,5,59,9,4,A,B,B,9.109853029251099,0.6124541097273813,0.08864543182504799,0.03,0,1,1,0,0.1425938606262207,1.734215049,1.295881544,16,14,0,6.837213728
1763957082.3497686,LBKPIECEkConfigDefault,5,59,9,5,A,B,B,11.201470851898193,0.08864543182504799,9.553575276525783e-05,0.03,1,1,1,0,0.15494060516357422,0.61658487,0.61658487,3,3,0,7.453798598
1763957084.5512402,BiTRRTkConfigDefault,6,60,0,0,B,A,A,0.09977364540100098,1.4499406568602349,1.2950274515889435,0.03,0,1,1,0,0.15570998191833496,3.800471538,1.374957834,66,20,0,1.374957834
1763957086.8584378,BiTRRTkConfigDefault,6,60,0,1,B,A,A,2.2973992824554443,1.2950274515889435,1.3659898605758878,0.03,0,1,1,0,0.1916811466217041,4.155021533,1.3852238749999999,70,18,0,2.760181709
1763957089.1511996,BiTRRTkConfigDefault,6,60,0,2,B,A,A,4.599986553192139,1.3659898605758878,1.2585595930602511,0.03,0,1,1,0,0.22269487380981445,5.671814457,1.396218169,73,14,0,4.156399878
1763957091.4502172,BiTRRTkConfigDefault,6,60,0,3,B,A,A,6.9081220626831055,1.2585595930602511,1.10899097333687,0.03,0,1,1,0,0.29727840423583984,4.034352706,1.386249338,60,16,0,5.542649216
1763957093.653901,BiTRRTkConfigDefault,6,60,0,4,B,A,A,9.204284906387329,1.10899097333687,0.7413625035165599,0.03,0,1,1,0,0.13243389129638672,3.368890269,1.399828876,52,20,0,6.942478092
1763957096.0504265,BiTRRTkConfigDefault,6,60,0,5,B,A,A,11.40731692314148,0.7413625035165599,0.3119532971117031,0.03,0,1,1,0,0.22591495513916016,2.548768764,1.363410851,33,19,0,8.305888943
1763957098.1689987,BiTRRTkConfigDefault,6,60,0,6,B,A,A,13.809388875961304,0.3119532971117031,0.02028270174460883,0.03,1,1,1,0,0.13756036758422852,1.6507595290000001,1.339966362,15,14,0,9.645855305
1763957100.4624608,BiTRRTkConfigDefault,6,61,1,0,A,B,B,0.07921600341796875,1.4517428132584373,1.4277501481790174,0.03,0,1,1,0,0.22419500350952148,4.466379876,1.371038585,74,17,0,1.371038585
1763957102.6523283,BiTRRTkConfigDefault,6,61,1,1,A,B,B,2.3783750534057617,1.4277501481790174,1.2197006742548275,0.03,0,1,1,0,0.14099740982055664,3.8886503599999998,1.376523835,68,19,0,2.74756242
1763957104.9544969,BiTRRTkConfigDefault,6,61,1,2,A,B,B,4.576441526412964,1.2197006742548275,1.1687172305879507,0.03,0,1,1,0,0.18468427658081055,3.576208997,1.349931223,42,14,0,4.097493643
1763957107.1488616,BiTRRTkConfigDefault,6,61,1,3,A,B,B,6.881145715713501,1.1687172305879507,0.6850565786901505,0.03,0,1,1,0,0.14455485343933105,2.8410909699999998,1.39665999,46,23,0,5.494153633
1763957109.4488912,BiTRRTkConfigDefault,6,61,1,4,A,B,B,9.07699728012085,0.6850565786901505,0.44138344193574297,0.03,0,1,1,0,0.2243669033050537,3.641100359,1.398463731,50,16,0,6.8926173639999995
1763957111.5502098,BiTRRTkConfigDefault,6,61,1,5,A,B,B,11.383661985397339,0.44138344193574297,0.07994701744931103,0.03,0,1,1,0,0.13183045387268066,1.755461993,1.256090886,13,11,0,8.148708249999999
1763957113.0521598,BiTRRTkConfigDefault,6,61,1,6,A,B,B,13.50616455078125,0.07994701744931103,9.914409469964487e-05,0.03,1,1,1,0,0.1399834156036377,0.708724207,0.708724207,3,3,0,8.857432456999998
1763957115.3500905,BiTRRTkConfigDefault,6,62,2,0,B,A,A,0.10318231582641602,1.4499143131720935,1.3740980045424849,0.03,0,1,1,0,0.21790361404418945,9.914534007,1.390069716,125,15,0,1.390069716
1763957117.6580026,BiTRRTkConfigDefault,6,62,2,1,B,A,A,2.3991963863372803,1.3740980045424849,1.3395858245509378,0.03,0,1,1,0,0.2077195644378662,5.372160379,1.362186489,77,18,0,2.752256205
1763957119.8508286,BiTRRTkConfigDefault,6,62,2,2,B,A,A,4.7233662605285645,1.3395858245509378,1.0829103321922406,0.03,0,1,1,0,0.15522336959838867,3.5700202340000002,1.375653355,52,17,0,4.12790956
1763957122.1818724,BiTRRTkConfigDefault,6,62,2,3,B,A,A,6.898111581802368,1.0829103321922406,0.8889616742617167,0.03,0,1,1,0,0.18971967697143555,3.3894083569999998,1.389841857,61,23,0,5.5177514169999995
1763957124.5500925,BiTRRTkConfigDefault,6,62,2,4,B,A,A,9.196394205093384,0.8889616742617167,0.6354981152494146,0.03,0,1,1,0,0.16270804405212402,3.144210914,1.362943416,38,15,0,6.880694833
1763957126.7552555,BiTRRTkConfigDefault,6,62,2,5,B,A,A,11.597928762435913,0.6354981152494146,0.26726540308991903,0.03,0,1,1,0,0.15417242050170898,2.439117499,1.3775002760000001,24,15,0,8.258195108999999
1763957128.7499304,BiTRRTkConfigDefault,6,62,2,6,B,A,A,13.806921482086182,0.26726540308991903,0.029901039067413773,0.03,1,1,1,0,0.1179656982421875,1.510776841,1.164908963,10,9,0,9.423104072
1763957130.9788108,BiTRRTkConfigDefault,6,63,3,0,A,B,B,0.09745550155639648,1.451664384549204,1.3307680424705057,0.03,0,1,1,0,0.13614320755004883,3.928772238,1.376865738,60,17,0,1.376865738
1763957133.2555711,BiTRRTkConfigDefault,6,63,3,1,A,B,B,2.2924575805664062,1.3307680424705057,1.2400414699486753,0.03,0,1,1,0,0.2079298496246338,3.972842,1.388845954,69,20,0,2.765711692
1763957135.7558215,BiTRRTkConfigDefault,6,63,3,2,A,B,B,4.611253499984741,1.2400414699486753,0.8891700751302345,0.03,0,1,1,0,0.12114262580871582,3.133656492,1.375473079,50,21,0,4.141184771
1763957138.0512085,BiTRRTkConfigDefault,6,63,3,3,A,B,B,7.100922346115112,0.8891700751302345,0.5313965348553715,0.03,0,1,1,0,0.1990516185760498,2.778387365,1.368157612,36,18,0,5.509342383
1763957140.2636166,BiTRRTkConfigDefault,6,63,3,4,A,B,B,9.402922630310059,0.5313965348553715,0.9182852458419789,0.03,0,1,1,0,0.12040948867797852,3.625703549,1.3892474209999999,73,24,0,6.898589804
1763957142.4615262,BiTRRTkConfigDefault,6,63,3,5,A,B,B,11.594542026519775,0.9182852458419789,0.7693488302007946,0.03,0,1,1,0,0.1529853343963623,2.88525451,1.397033653,42,21,0,8.295623457
1763957144.6517537,BiTRRTkConfigDefault,6,63,3,6,A,B,B,13.861501932144165,0.7693488302007946,0.1976055113944502,0.03,0,1,1,0,0.10334277153015137,2.038804757,1.3677526150000001,24,19,0,9.663376072
1763957146.4538713,BiTRRTkConfigDefault,6,63,3,7,A,B,B,15.995200872421265,0.1976055113944502,7.749510807879879e-05,0.03,1,1,1,0,0.14295291900634766,0.897543539,0.897543539,6,6,0,10.560919611
1763957148.6509511,BiTRRTkConfigDefault,6,64,4,0,B,A,A,0.09287619590759277,1.4499468970514358,1.3550063271969366,0.03,0,1,1,0,0.1523149013519287,5.063942576,1.379027213,93,17,0,1.379027213
1763957150.7490041,BiTRRTkConfigDefault,6,64,4,1,B,A,A,2.300550699234009,1.3550063271969366,1.3887040034150289,0.03,0,1,1,0,0.15390396118164062,3.9231884040000002,1.374988716,64,18,0,2.7540159290000004
1763957152.9501011,BiTRRTkConfigDefault,6,64,4,2,B,A,A,4.393132925033569,1.3887040034150289,1.1324345873682158,0.03,0,1,1,0,0.1533806324005127,3.449370687,1.389120912,58,21,0,4.1431368410000005
1763957155.2486222,BiTRRTkConfigDefault,6,64,4,3,B,A,A,6.59856390953064,1.1324345873682158,0.8963563915076623,0.03,0,1,1,0,0.20480775833129883,4.244079895,1.374888584,62,15,0,5.518025425
1763957157.448625,BiTRRTkConfigDefault,6,64,4,4,B,A,A,8.896014213562012,0.8963563915076623,0.6658358734712883,0.03,0,1,1,0,0.1574862003326416,3.4369580060000002,1.393984034,56,20,0,6.912009459
1763957159.756035,BiTRRTkConfigDefault,6,64,4,5,B,A,A,11.097308874130249,0.6658358734712883,0.34178260670547417,0.03,0,1,1,0,0.15511536598205566,2.644096573,1.365246767,37,20,0,8.277256226
1763957162.0577025,BiTRRTkConfigDefault,6,64,4,6,B,A,A,13.407105684280396,0.34178260670547417,0.040243710257519376,0.03,0,1,1,0,0.14202499389648438,1.787090753,1.360035221,18,16,0,9.637291447
1763957162.2610908,BiTRRTkConfigDefault,6,64,4,7,B,A,A,15.707814931869507,0.040243710257519376,0.040243710257519376,0.03,0,0,0,1,0.0924065113067627,0.0,0.0,0,0,1,9.637291447
1763957162.4722202,BiTRRTkConfigDefault,6,64,4,8,B,A,A,15.90141487121582,0.040243710257519376,0.040243710257519376,0.03,0,0,0,1,0.10635733604431152,0.0,0.0,0,0,2,9.637291447
1763957162.9755244,BiTRRTkConfigDefault,6,64,4,9,B,A,A,16.402992248535156,0.040243710257519376,0.040243710257519376,0.03,0,0,0,1,0.11139631271362305,0.0,0.0,0,0,3,9.637291447
1763957165.2516985,BiTRRTkConfigDefault,6,64,4,10,B,A,A,17.392738580703735,0.040243710257519376,8.242051192852422e-05,0.03,1,1,1,0,0.19926953315734863,0.596786975,0.596786975,3,3,3,10.234078422000001
1763957167.4504406,BiTRRTkConfigDefault,6,65,5,0,A,B,B,0.09793353080749512,1.450074784369697,1.2739580941099977,0.03,0,1,1,0,0.16849350929260254,7.664977608,1.391052774,103,19,0,1.391052774
1763957169.6490593,BiTRRTkConfigDefault,6,65,5,1,A,B,B,2.3167266845703125,1.2739580941099977,1.393456502022393,0.03,0,1,1,0,0.1362006664276123,4.372072076,1.3884547999999999,60,14,0,2.779507574
1763957171.856038,BiTRRTkConfigDefault,6,65,5,2,A,B,B,4.50308084487915,1.393456502022393,1.0238609931931217,0.03,0,1,1,0,0.16091418266296387,3.793245952,1.393497199,61,19,0,4.173004773000001
1763957174.1633372,BiTRRTkConfigDefault,6,65,5,3,A,B,B,6.69779372215271,1.0238609931931217,1.044121476014634,0.03,0,1,1,0,0.14812660217285156,6.024510705,1.374526502,61,16,0,5.547531275000001
1763957176.4689233,BiTRRTkConfigDefault,6,65,5,4,A,B,B,9.012369394302368,1.044121476014634,1.0227110432710713,0.03,0,1,1,0,0.35860133171081543,3.64828608,1.363291706,62,20,0,6.910822981000001
1763957178.865349,BiTRRTkConfigDefault,6,65,5,5,A,B,B,11.311205863952637,1.0227110432710713,0.9555828529593959,0.03,0,1,1,0,0.24115729331970215,3.717939348,1.378660974,60,18,0,8.289483955000001
1763957181.065638,BiTRRTkConfigDefault,6,65,5,6,A,B,B,13.733128786087036,0.9555828529593959,0.619492724839056,0.03,0,1,1,0,0.1111302375793457,3.100200481,1.371817686,47,20,0,9.661301641000001
1763957186.3932106,BiTRRTkConfigDefault,6,65,5,7,A,B,B,15.929687976837158,0.619492724839056,0.619492724839056,0.03,0,0,0,1,5.176970481872559,0.0,0.0,0,0,1,9.661301641000001
1763957189.0132685,BiTRRTkConfigDefault,6,65,5,8,A,B,B,21.208686590194702,0.619492724839056,0.21723857431106652,0.03,0,1,1,0,0.12176299095153809,2.239127601,1.369949473,30,21,1,11.031251114000002
1763957191.0201411,BiTRRTkConfigDefault,6,65,5,9,A,B,B,23.866259574890137,0.21723857431106652,6.569954485516037e-05,0.03,1,1,1,0,0.12305164337158203,1.247487443,1.247487443,8,8,1,12.278738557000002
1763957193.2187154,BiTRRTkConfigDefault,6,66,6,0,B,A,A,0.09311842918395996,1.4500221808558325,1.2230382535435187,0.03,0,1,1,0,0.13035821914672852,3.703294684,1.3852393379999999,64,20,0,1.3852393379999999
1763957195.612285,BiTRRTkConfigDefault,6,66,6,1,B,A,A,2.290703773498535,1.2230382535435187,0.8709609344852043,0.03,0,1,1,0,0.18758511543273926,3.737547621,1.394536508,61,19,0,2.7797758459999997
1763957197.910291,BiTRRTkConfigDefault,6,66,6,2,B,A,A,4.6981329917907715,0.8709609344852043,1.2489699082876506,0.03,0,1,1,0,0.17328429222106934,4.224489431,1.383028474,87,22,0,4.162804319999999
1763957200.1159294,BiTRRTkConfigDefault,6,66,6,3,B,A,A,7.030378103256226,1.2489699082876506,1.0316905610095735,0.03,0,1,1,0,0.1312849521636963,3.553227719,1.382908078,59,20,0,5.545712397999999
1763957202.4281821,BiTRRTkConfigDefault,6,66,6,4,B,A,A,9.191156387329102,1.0316905610095735,0.9744361687732432,0.03,0,1,1,0,0.13209104537963867,3.899522075,1.399135723,68,20,0,6.944848121
1763957204.7506442,BiTRRTkConfigDefault,6,66,6,5,B,A,A,11.524347066879272,0.9744361687732432,1.2011058843968938,0.03,0,1,1,0,0.18924665451049805,3.619559442,1.398439938,63,21,0,8.343288058999999
1763957206.954318,BiTRRTkConfigDefault,6,66,6,6,B,A,A,13.813655376434326,1.2011058843968938,0.992007421530942,0.03,0,1,1,0,0.1266155242919922,3.269828649,1.378602176,54,21,0,9.721890234999998
1763957209.1264367,BiTRRTkConfigDefault,6,66,6,7,B,A,A,16.00560688972473,0.992007421530942,0.8797079906999298,0.03,0,1,1,0,0.15912842750549316,3.702232784,1.369275804,66,21,0,11.091166038999997
1763957211.338457,BiTRRTkConfigDefault,6,66,6,8,B,A,A,18.229503870010376,0.8797079906999298,0.4736455853050366,0.03,0,1,1,0,0.1019291877746582,3.006076408,1.394328274,52,24,0,12.485494312999997
1763957213.6321223,BiTRRTkConfigDefault,6,66,6,9,B,A,A,20.408666849136353,0.4736455853050366,1.1614881532824952,0.03,0,1,1,0,0.1931755542755127,5.8448217620000005,1.377177382,76,17,0,13.862671694999996
1763957215.938686,BiTRRTkConfigDefault,6,66,6,10,B,A,A,22.71714973449707,1.1614881532824952,1.2943230919004771,0.03,0,1,1,0,0.20940709114074707,6.021265186,1.378492909,92,23,0,15.241164603999996
1763957218.2267413,BiTRRTkConfigDefault,6,66,6,11,B,A,A,25.006835460662842,1.2943230919004771,0.9091272003555095,0.03,0,1,1,0,0.23122596740722656,2.99330999,1.373118476,47,21,0,16.614283079999996
1763957220.5319517,BiTRRTkConfigDefault,6,66,6,12,B,A,A,27.31016755104065,0.9091272003555095,1.197509662739862,0.03,0,1,1,0,0.15127253532409668,3.805810132,1.386330447,60,18,0,18.000613526999995
1763957222.7605212,BiTRRTkConfigDefault,6,66,6,13,B,A,A,29.608863353729248,1.197509662739862,0.9089588294496602,0.03,0,1,1,0,0.1755375862121582,3.149855887,1.386416744,43,18,0,19.387030270999993
1763957224.962064,BiTRRTkConfigDefault,6,66,6,14,B,A,A,31.830909252166748,0.9089588294496602,0.30867215683117966,0.03,0,1,1,0,0.17371201515197754,2.376123503,1.3741725360000001,26,17,0,20.761202806999993
1763957227.2566476,BiTRRTkConfigDefault,6,66,6,15,B,A,A,34.03154754638672,0.30867215683117966,7.411506433474686e-05,0.03,1,1,1,0,0.1513361930847168,1.3953509689999999,1.3953509689999999,10,10,0,22.156553775999992
1763957229.447757,BiTRRTkConfigDefault,6,67,7,0,A,B,B,0.1124422550201416,1.449960337508015,1.3687245404287243,0.03,0,1,1,0,0.1458897590637207,4.006743018,1.368722731,68,18,0,1.368722731
1763957231.7506921,BiTRRTkConfigDefault,6,67,7,1,A,B,B,2.3142454624176025,1.3687245404287243,1.0595543270145247,0.03,0,1,1,0,0.2111067771911621,4.447806536,1.366899774,71,16,0,2.7356225050000003
1763957233.9511056,BiTRRTkConfigDefault,6,67,7,2,A,B,B,4.590660095214844,1.0595543270145247,0.6083231936377395,0.03,0,1,1,0,0.15516352653503418,4.100067347,1.3747353869999999,47,17,0,4.110357892
1763957236.2545705,BiTRRTkConfigDefault,6,67,7,3,A,B,B,6.815028190612793,0.6083231936377395,0.3860092872027383,0.03,0,1,1,0,0.15300369262695312,3.251933263,1.377457253,44,17,0,5.487815145
1763957238.6679404,BiTRRTkConfigDefault,6,67,7,4,A,B,B,9.090044975280762,0.3860092872027383,0.174700274777758,0.03,0,1,1,0,0.46031999588012695,2.556377604,1.372910906,32,19,0,6.860726051
1763957240.6486278,BiTRRTkConfigDefault,6,67,7,5,A,B,B,11.504068851470947,0.174700274777758,0.017241020061887446,0.03,1,1,1,0,0.11317157745361328,1.641850631,1.298109492,12,11,0,8.158835543
1763957242.8543675,BiTRRTkConfigDefault,6,68,8,0,B,A,A,0.09915661811828613,1.453680497482756,1.32444374357433,0.03,0,1,1,0,0.11268067359924316,3.9442991530000002,1.360906283,58,16,0,1.360906283
1763957245.1480544,BiTRRTkConfigDefault,6,68,8,1,B,A,A,2.2947070598602295,1.32444374357433,0.9079949644156515,0.03,0,1,1,0,0.1922304630279541,3.766205527,1.3681541990000001,65,19,0,2.7290604820000004
1763957247.3592038,BiTRRTkConfigDefault,6,68,8,2,B,A,A,4.598079204559326,0.9079949644156515,1.1584523312112012,0.03,0,1,1,0,0.12637829780578613,3.900919401,1.399119067,78,23,0,4.128179549
1763957249.5540986,BiTRRTkConfigDefault,6,68,8,3,B,A,A,6.800956964492798,1.1584523312112012,0.7352878748376154,0.03,0,1,1,0,0.13300442695617676,3.529614443,1.3706437710000001,54,18,0,5.4988233200000005
1763957251.749201,BiTRRTkConfigDefault,6,68,8,4,B,A,A,9.007121086120605,0.7352878748376154,1.1818780277034142,0.03,0,1,1,0,0.11443114280700684,3.9565391119999997,1.3910084710000001,83,24,0,6.889831791000001
1763957254.0292478,BiTRRTkConfigDefault,6,68,8,5,B,A,A,11.19714093208313,1.1818780277034142,1.0784138706360231,0.03,0,1,1,0,0.2096385955810547,3.235050124,1.379500574,58,23,0,8.269332365
1763957256.229054,BiTRRTkConfigDefault,6,68,8,6,B,A,A,13.487990856170654,1.0784138706360231,0.9279761515582228,0.03,0,1,1,0,0.12748432159423828,3.566931631,1.379611286,60,20,0,9.648943651
1763957258.4294736,BiTRRTkConfigDefault,6,68,8,7,B,A,A,15.675633668899536,0.9279761515582228,0.6084649043999679,0.03,0,1,1,0,0.18638944625854492,2.8789293860000003,1.381736968,41,20,0,11.030680619
1763957260.6294239,BiTRRTkConfigDefault,6,68,8,8,B,A,A,17.89570426940918,0.6084649043999679,0.15879575442622756,0.03,0,1,1,0,0.15105414390563965,2.022466172,1.333150064,22,17,0,12.363830683
1763957262.7994611,BiTRRTkConfigDefault,6,68,8,9,B,A,A,20.094928741455078,0.15879575442622756,7.316627439830976e-05,0.03,1,1,1,0,0.12061333656311035,0.954971345,0.954971345,6,6,0,13.318802028
1763957264.9993865,BiTRRTkConfigDefault,6,69,9,0,A,B,B,0.09362411499023438,1.450022454699241,1.4176101611154925,0.03,0,1,1,0,0.1423933506011963,4.131161498,1.3901076940000001,77,20,0,1.3901076940000001
1763957267.1000717,BiTRRTkConfigDefault,6,69,9,1,A,B,B,2.3038198947906494,1.4176101611154925,1.0471247495954505,0.03,0,1,1,0,0.09022140502929688,3.210673255,1.3893311179999999,40,16,0,2.779438812
1763957269.3094711,BiTRRTkConfigDefault,6,69,9,2,A,B,B,4.386831283569336,1.0471247495954505,0.4764177278891276,0.03,0,1,1,0,0.14406299591064453,2.471494166,1.341176811,25,15,0,4.120615623
1763957271.2982762,BiTRRTkConfigDefault,6,69,9,3,A,B,B,6.585709095001221,0.4764177278891276,0.048946028472122115,0.03,0,1,1,0,0.17624831199645996,1.571774204,1.217771957,11,10,0,5.33838758
1763957272.7978532,BiTRRTkConfigDefault,6,69,9,4,A,B,B,8.606040716171265,0.048946028472122115,9.479799634701358e-05,0.03,1,1,1,0,0.274533748626709,0.496185825,0.496185825,3,3,0,5.834573405
1763957275.103287,ABITstarkConfigDefault,7,70,0,0,B,A,A,0.16396689414978027,1.4500871796347048,1.3386599948789406,0.03,0,1,1,0,0.18326258659362793,3.845567372,1.37559988,57,17,0,1.37559988
1763957277.312843,ABITstarkConfigDefault,7,70,0,1,B,A,A,2.40802264213562,1.3386599948789406,1.3825621406736155,0.03,0,1,1,0,0.10749554634094238,5.8288383150000005,1.354082764,78,14,0,2.729682644
1763957279.498595,ABITstarkConfigDefault,7,70,0,2,B,A,A,4.59975004196167,1.3825621406736155,1.394821494019627,0.03,0,1,1,0,0.160048246383667,4.104749189,1.352933023,64,16,0,4.082615667
1763957281.7009535,ABITstarkConfigDefault,7,70,0,3,B,A,A,6.814719200134277,1.394821494019627,1.205131600082409,0.03,0,1,1,0,0.14217209815979004,3.963059821,1.387169004,67,19,0,5.469784670999999
1763957283.898827,ABITstarkConfigDefault,7,70,0,4,B,A,A,9.000151872634888,1.205131600082409,0.818939206345764,0.03,0,1,1,0,0.12994098663330078,3.692462184,1.389741312,67,21,0,6.859525982999999
1763957286.106117,ABITstarkConfigDefault,7,70,0,5,B,A,A,11.197709560394287,0.818939206345764,0.4916703425693164,0.03,0,1,1,0,0.13967609405517578,4.050157454,1.396162184,74,20,0,8.255688166999999
1763957288.3273191,ABITstarkConfigDefault,7,70,0,6,B,A,A,13.41166615486145,0.4916703425693164,0.23934137836650418,0.03,0,1,1,0,0.10399055480957031,3.402341376,1.39627769,55,20,0,9.651965856999999
1763957290.4983654,ABITstarkConfigDefault,7,70,0,7,B,A,A,15.634804487228394,0.23934137836650418,0.10460837865331861,0.03,0,1,1,0,0.08578133583068848,2.580206107,1.382275898,31,18,0,11.034241754999998
1763957290.7230644,ABITstarkConfigDefault,7,70,0,8,B,A,A,17.81140446662903,0.10460837865331861,0.10460837865331861,0.03,0,0,0,1,0.10895681381225586,0.0,0.0,0,0,1,11.034241754999998
1763957293.4980571,ABITstarkConfigDefault,7,70,0,9,B,A,A,18.7123064994812,0.10460837865331861,0.008951416752658311,0.03,1,1,1,0,0.13516736030578613,1.6559350959999999,1.322723621,13,12,1,12.356965375999998
1763957295.804241,ABITstarkConfigDefault,7,71,1,0,A,B,B,0.09890627861022949,1.4553562442090051,1.5698987398146285,0.03,0,1,1,0,0.22126007080078125,6.2670787,1.370897322,100,20,0,1.370897322
1763957297.9997983,ABITstarkConfigDefault,7,71,1,1,A,B,B,2.395761489868164,1.5698987398146285,1.3314824167507848,0.03,0,1,1,0,0.13578534126281738,3.924060125,1.369330298,48,13,0,2.7402276199999998
1763957300.198612,ABITstarkConfigDefault,7,71,1,2,A,B,B,4.601187467575073,1.3314824167507848,1.3780545897063625,0.03,0,1,1,0,0.15409421920776367,4.693400446,1.399875957,102,23,0,4.140103577
1763957302.716271,ABITstarkConfigDefault,7,71,1,3,A,B,B,6.846511602401733,1.3780545897063625,0.8523463925024946,0.03,0,1,1,0,0.20833396911621094,2.94483489,1.387271185,40,19,0,5.527374761999999
1763957304.8085103,ABITstarkConfigDefault,7,71,1,4,A,B,B,9.299787521362305,0.8523463925024946,0.680181740368979,0.03,0,1,1,0,0.1418318748474121,5.516908485,1.391304806,76,17,0,6.918679567999999
1763957310.7302186,ABITstarkConfigDefault,7,71,1,5,A,B,B,11.40187668800354,0.680181740368979,0.680181740368979,0.03,0,0,0,1,5.803321123123169,0.0,0.0,0,0,1,6.918679567999999
1763957312.967703,ABITstarkConfigDefault,7,71,1,6,A,B,B,17.259138107299805,0.680181740368979,0.919961233212752,0.03,0,1,1,0,0.22780346870422363,3.7004225699999997,1.372258978,72,22,1,8.290938546
1763957315.160492,ABITstarkConfigDefault,7,71,1,7,A,B,B,19.556840181350708,0.919961233212752,0.8659894747062943,0.03,0,1,1,0,0.13857579231262207,3.707065118,1.351210863,51,15,1,9.642149409
1763957317.390761,ABITstarkConfigDefault,7,71,1,8,A,B,B,21.75795865058899,0.8659894747062943,0.8644434351991334,0.03,0,1,1,0,0.12609648704528809,3.27913999,1.375918231,56,21,1,11.01806764
1763957319.566987,ABITstarkConfigDefault,7,71,1,9,A,B,B,23.96064805984497,0.8644434351991334,0.7121924452305937,0.03,0,1,1,0,0.23841500282287598,2.949385451,1.3854741640000001,42,20,1,12.403541804
1763957321.7925239,ABITstarkConfigDefault,7,71,1,10,A,B,B,26.157903909683228,0.7121924452305937,0.22006200422363179,0.03,0,1,1,0,0.1343858242034912,2.1538469080000002,1.383431648,24,18,1,13.786973452
1763957323.5597084,ABITstarkConfigDefault,7,71,1,11,A,B,B,28.37324094772339,0.22006200422363179,8.249763409787244e-05,0.03,1,1,1,0,0.11500382423400879,1.059957757,1.059957757,7,7,1,14.846931209
1763957325.8590431,ABITstarkConfigDefault,7,72,2,0,B,A,A,0.09825015068054199,1.4500687201061697,1.2211291553620338,0.03,0,1,1,0,0.23042988777160645,4.014573247,1.374518587,68,19,0,1.374518587
1763957328.059856,ABITstarkConfigDefault,7,72,2,1,B,A,A,2.393609046936035,1.2211291553620338,1.3123399329490892,0.03,0,1,1,0,0.14101958274841309,3.992272838,1.392934368,80,23,0,2.767452955
1763957330.3262153,ABITstarkConfigDefault,7,72,2,2,B,A,A,4.5954389572143555,1.3123399329490892,1.1817012528190107,0.03,0,1,1,0,0.14313650131225586,3.4201632,1.371997509,62,22,0,4.139450464
1763957332.4365506,ABITstarkConfigDefault,7,72,2,3,B,A,A,6.793689966201782,1.1817012528190107,1.0587925562918452,0.03,0,1,1,0,0.15603399276733398,3.63390132,1.390206782,62,20,0,5.529657246
1763957334.776681,ABITstarkConfigDefault,7,72,2,4,B,A,A,8.919132232666016,1.0587925562918452,0.6595991278871953,0.03,0,1,1,0,0.11536216735839844,2.71502421,1.368415032,42,22,0,6.898072278
1763957337.1651523,ABITstarkConfigDefault,7,72,2,5,B,A,A,11.298077583312988,0.6595991278871953,0.13162771236725188,0.03,0,1,1,0,0.1384875774383545,1.9114801319999999,1.332999526,22,18,0,8.231071803999999
1763957339.4578946,ABITstarkConfigDefault,7,72,2,6,B,A,A,13.780028581619263,0.13162771236725188,0.2898790992005889,0.03,0,1,1,0,0.1601426601409912,6.359813974,1.337488183,89,7,0,9.568559986999999
1763957341.8581884,ABITstarkConfigDefault,7,72,2,7,B,A,A,15.995472431182861,0.2898790992005889,0.9802724461842977,0.03,0,1,1,0,0.2731328010559082,4.345542713,1.370136418,90,22,0,10.938696404999998
1763957344.157897,ABITstarkConfigDefault,7,72,2,8,B,A,A,18.394435167312622,0.9802724461842977,0.9526675186476704,0.03,0,1,1,0,0.17777800559997559,3.937491471,1.377438266,67,19,0,12.316134670999999
1763957346.4704804,ABITstarkConfigDefault,7,72,2,9,B,A,A,20.701951503753662,0.9526675186476704,0.5526053398546846,0.03,0,1,1,0,0.20458126068115234,2.736305188,1.367653936,40,21,0,13.683788606999999
1763957348.6597347,ABITstarkConfigDefault,7,72,2,10,B,A,A,22.999515295028687,0.5526053398546846,0.08741948624251444,0.03,0,1,1,0,0.15120625495910645,1.874110962,1.35150046,20,17,0,15.035289066999999
1763957350.0607004,ABITstarkConfigDefault,7,72,2,11,B,A,A,25.193756580352783,0.08741948624251444,2.380907402346303e-05,0.03,1,1,1,0,0.13457775115966797,0.650551315,0.650551315,4,4,0,15.685840381999999
1763957352.2599082,ABITstarkConfigDefault,7,73,3,0,A,B,B,0.09885668754577637,1.4499940418994703,1.2998075242997658,0.03,0,1,1,0,0.14125680923461914,3.8468937370000003,1.363599178,65,19,0,1.363599178
1763957354.4630892,ABITstarkConfigDefault,7,73,3,1,A,B,B,2.3060641288757324,1.2998075242997658,0.7525575442578583,0.03,0,1,1,0,0.17800068855285645,2.877254766,1.399532749,41,20,0,2.763131927
1763957359.7338288,ABITstarkConfigDefault,7,73,3,2,A,B,B,4.495822429656982,0.7525575442578583,0.7525575442578583,0.03,0,0,0,1,5.1668195724487305,0.0,0.0,0,0,1,2.763131927
1763957361.9387443,ABITstarkConfigDefault,7,73,3,3,A,B,B,9.683037281036377,0.7525575442578583,0.2067854173933355,0.03,0,1,1,0,0.18195390701293945,2.129199954,1.338298351,22,16,1,4.101430278
1763957363.841149,ABITstarkConfigDefault,7,73,3,4,A,B,B,11.979651689529419,0.2067854173933355,9.778462650147908e-05,0.03,1,1,1,0,0.11461782455444336,1.071249208,1.071249208,7,7,1,5.172679486
1763957366.1372142,ABITstarkConfigDefault,7,74,4,0,B,A,A,0.09674525260925293,1.449908637766366,1.2863285968657197,0.03,0,1,1,0,0.20898699760437012,3.857974189,1.3674792949999999,59,18,0,1.3674792949999999
1763957368.4370203,ABITstarkConfigDefault,7,74,4,1,B,A,A,2.405195474624634,1.2863285968657197,1.0940906238816586,0.03,0,1,1,0,0.18314266204833984,3.631676456,1.397095204,59,19,0,2.764574499
1763957370.7593431,ABITstarkConfigDefault,7,74,4,2,B,A,A,4.7000579833984375,1.0940906238816586,0.766192682402097,0.03,0,1,1,0,0.11105132102966309,3.7802412309999998,1.395293477,54,17,0,4.159867976
1763957373.046265,ABITstarkConfigDefault,7,74,4,3,B,A,A,6.994874715805054,0.766192682402097,1.2009234283745716,0.03,0,1,1,0,0.235947847366333,4.167941891,1.378413183,93,24,0,5.538281159
1763957375.537753,ABITstarkConfigDefault,7,74,4,4,B,A,A,9.308861255645752,1.2009234283745716,1.2928474538576487,0.03,0,1,1,0,0.3789651393890381,3.734224341,1.372523172,65,20,0,6.9108043310000005
1763957377.8876839,ABITstarkConfigDefault,7,74,4,5,B,A,A,11.797359228134155,1.2928474538576487,1.1324472808800385,0.03,0,1,1,0,0.2046804428100586,3.803982457,1.399014934,75,23,0,8.309819265
1763957380.039008,ABITstarkConfigDefault,7,74,4,6,B,A,A,14.095031976699829,1.1324472808800385,0.9389969374887465,0.03,0,1,1,0,0.15668749809265137,3.700361047,1.366324276,67,21,0,9.676143541
1763957382.3398156,ABITstarkConfigDefault,7,74,4,7,B,A,A,16.297607421875,0.9389969374887465,0.5608724074814526,0.03,0,1,1,0,0.2075648307800293,3.023750525,1.366765105,47,21,0,11.042908646
1763957384.545136,ABITstarkConfigDefault,7,74,4,8,B,A,A,18.592989206314087,0.5608724074814526,0.13859009812567913,0.03,0,1,1,0,0.17294001579284668,2.18646626,1.387163235,27,20,0,12.430071881
1763957386.6100235,ABITstarkConfigDefault,7,74,4,9,B,A,A,20.80065894126892,0.13859009812567913,9.376603622059915e-05,0.03,1,1,1,0,0.19832324981689453,1.097226651,1.097226651,8,8,0,13.527298532
1763957388.8581536,ABITstarkConfigDefault,7,75,5,0,A,B,B,0.05018901824951172,1.449928579623917,1.5360323396383067,0.03,0,1,1,0,0.17713427543640137,7.217867696,1.348555364,74,6,0,1.348555364
1763957391.0397284,ABITstarkConfigDefault,7,75,5,1,A,B,B,2.3254270553588867,1.5360323396383067,1.5397179894733828,0.03,0,1,1,0,0.14281010627746582,4.589457462,1.366032358,89,19,0,2.714587722
1763957393.264921,ABITstarkConfigDefault,7,75,5,2,A,B,B,4.53397798538208,1.5397179894733828,1.4597009746779095,0.03,0,1,1,0,0.1363084316253662,4.447871375,1.374447107,54,6,0,4.089034829
1763957395.437988,ABITstarkConfigDefault,7,75,5,3,A,B,B,6.726490497589111,1.4597009746779095,1.0144962501654684,0.03,0,1,1,0,0.1285991668701172,3.342054231,1.362459495,47,17,0,5.4514943240000004
1763957397.6743653,ABITstarkConfigDefault,7,75,5,4,A,B,B,8.940631628036499,1.0144962501654684,0.487367091888969,0.03,0,1,1,0,0.1404407024383545,2.6970871020000002,1.357931302,26,14,0,6.809425626
1763957399.7379234,ABITstarkConfigDefault,7,75,5,5,A,B,B,11.129932641983032,0.487367091888969,0.07774342591244665,0.03,0,1,1,0,0.2656691074371338,1.7958188069999999,1.283925881,13,11,0,8.093351507000001
1763957401.3688211,ABITstarkConfigDefault,7,75,5,6,A,B,B,13.255399465560913,0.07774342591244665,9.097720924883937e-05,0.03,1,1,1,0,0.24867582321166992,0.742088119,0.742088119,3,3,0,8.835439626000001
1763957403.5384912,ABITstarkConfigDefault,7,76,6,0,B,A,A,0.09666609764099121,1.4500882205466286,1.307577118944289,0.03,0,1,1,0,0.12932658195495605,3.803273948,1.356190144,57,17,0,1.356190144
1763957405.9466856,ABITstarkConfigDefault,7,76,6,1,B,A,A,2.29595947265625,1.307577118944289,1.272261907723531,0.03,0,1,1,0,0.1797490119934082,3.801766686,1.370925991,61,18,0,2.727116135
1763957408.3284028,ABITstarkConfigDefault,7,76,6,2,B,A,A,4.666943788528442,1.272261907723531,1.0184521704899212,0.03,0,1,1,0,0.21359467506408691,3.364439815,1.382691489,44,16,0,4.109807624
1763957410.54417,ABITstarkConfigDefault,7,76,6,3,B,A,A,7.1011645793914795,1.0184521704899212,0.9492626799150653,0.03,0,1,1,0,0.09188008308410645,3.740234198,1.367897665,69,21,0,5.477705289
1763957412.73585,ABITstarkConfigDefault,7,76,6,4,B,A,A,9.260780334472656,0.9492626799150653,0.6393056356971314,0.03,0,1,1,0,0.1281719207763672,3.005268873,1.365676619,46,20,0,6.8433819080000005
1763957414.9841635,ABITstarkConfigDefault,7,76,6,5,B,A,A,11.473615407943726,0.6393056356971314,1.0115162386049368,0.03,0,1,1,0,0.12541937828063965,6.539931827,1.38055682,92,14,0,8.223938728
1763957420.2425256,ABITstarkConfigDefault,7,76,6,6,B,A,A,13.65905475616455,1.0115162386049368,1.0115162386049368,0.03,0,0,0,1,5.207805395126343,0.0,0.0,0,0,1,8.223938728
1763957422.4049509,ABITstarkConfigDefault,7,76,6,7,B,A,A,18.96287202835083,1.0115162386049368,0.7121039414054834,0.03,0,1,1,0,0.11321830749511719,5.238882041,1.364433284,63,14,1,9.588372012
1763957424.5899315,ABITstarkConfigDefault,7,76,6,8,B,A,A,21.1257107257843,0.7121039414054834,1.0887929044244107,0.03,0,1,1,0,0.1624774932861328,4.041060867,1.3966155470000001,87,24,1,10.984987559
1763957426.9948034,ABITstarkConfigDefault,7,76,6,9,B,A,A,23.319573879241943,1.0887929044244107,0.6860398069553582,0.03,0,1,1,0,0.2543509006500244,3.735986816,1.367741127,70,21,1,12.352728686
1763957429.2969315,ABITstarkConfigDefault,7,76,6,10,B,A,A,25.725477695465088,0.6860398069553582,1.046966697256071,0.03,0,1,1,0,0.17628765106201172,3.591826064,1.373824505,64,21,1,13.726553191
1763957431.494042,ABITstarkConfigDefault,7,76,6,11,B,A,A,28.028071641921997,1.046966697256071,1.0513124150001614,0.03,0,1,1,0,0.11333751678466797,3.545219003,1.3710861300000001,58,19,1,15.097639321
1763957433.700614,ABITstarkConfigDefault,7,76,6,12,B,A,A,30.240509033203125,1.0513124150001614,0.4406634152549603,0.03,0,1,1,0,0.11441802978515625,2.666791354,1.376055627,40,22,1,16.473694948000002
1763957435.891803,ABITstarkConfigDefault,7,76,6,13,B,A,A,32.420653343200684,0.4406634152549603,0.037661896842621584,0.03,0,1,1,0,0.13936829566955566,1.772298224,1.355276454,19,17,1,17.828971402
1763957437.2102063,ABITstarkConfigDefault,7,76,6,14,B,A,A,34.618449687957764,0.037661896842621584,6.540306297522884e-05,0.03,1,1,1,0,0.1448662281036377,0.571605408,0.571605408,4,4,1,18.40057681
1763957439.396744,ABITstarkConfigDefault,7,77,7,0,A,B,B,0.08648300170898438,1.4499791350530358,1.5477889676269414,0.03,0,1,1,0,0.12683415412902832,4.343926813,1.395597951,71,17,0,1.395597951
1763957441.5982757,ABITstarkConfigDefault,7,77,7,1,A,B,B,2.2856993675231934,1.5477889676269414,1.4608362197467317,0.03,0,1,1,0,0.14804816246032715,3.623168984,1.36801674,57,18,0,2.763614691
1763957443.69295,ABITstarkConfigDefault,7,77,7,2,A,B,B,4.4845452308654785,1.4608362197467317,1.2277434591112781,0.03,0,1,1,0,0.1713557243347168,3.424738769,1.3232133,32,6,0,4.086827991
1763957445.922878,ABITstarkConfigDefault,7,77,7,3,A,B,B,6.587140798568726,1.2277434591112781,0.6385142588028221,0.03,0,1,1,0,0.13004255294799805,2.625666036,1.379501649,25,14,0,5.46632964
1763957448.2225869,ABITstarkConfigDefault,7,77,7,4,A,B,B,8.77941370010376,0.6385142588028221,0.06098232746842147,0.03,0,1,1,0,0.15138483047485352,1.757185159,1.387813272,12,11,0,6.8541429119999995
1763957449.490873,ABITstarkConfigDefault,7,77,7,5,A,B,B,11.0902099609375,0.06098232746842147,5.624889413837744e-05,0.03,1,1,1,0,0.12150049209594727,0.520140524,0.520140524,3,3,0,7.374283436
1763957452.0647216,ABITstarkConfigDefault,7,78,8,0,B,A,A,0.10984110832214355,1.4500559860010873,1.3160282690995606,0.03,0,1,1,0,0.13360285758972168,3.939260331,1.36390978,70,19,0,1.36390978
1763957454.270117,ABITstarkConfigDefault,7,78,8,1,B,A,A,2.669886589050293,1.3160282690995606,1.0647855641699737,0.03,0,1,1,0,0.14525318145751953,3.494259656,1.360583798,55,18,0,2.7244935779999997
1763957456.4620042,ABITstarkConfigDefault,7,78,8,2,B,A,A,4.874144554138184,1.0647855641699737,0.6619622549018341,0.03,0,1,1,0,0.18049216270446777,2.972038595,1.36424119,38,17,0,4.088734768
1763957458.7804408,ABITstarkConfigDefault,7,78,8,3,B,A,A,7.075111150741577,0.6619622549018341,0.17884418988954273,0.03,0,1,1,0,0.1634371280670166,2.1331893219999998,1.38735162,21,16,0,5.476086388000001
1763957460.6799638,ABITstarkConfigDefault,7,78,8,4,B,A,A,9.373281717300415,0.17884418988954273,4.966085548409991e-05,0.03,1,1,1,0,0.163038969039917,1.038164958,1.038164958,6,6,0,6.514251346000001
1763957462.9647486,ABITstarkConfigDefault,7,79,9,0,A,B,B,0.07649755477905273,1.4500479154973436,1.4234630891138802,0.03,0,1,1,0,0.1887352466583252,7.383965466,1.375657904,90,13,0,1.375657904
1763957463.186362,ABITstarkConfigDefault,7,79,9,1,A,B,B,2.3949317932128906,1.4234630891138802,1.4234630891138802,0.03,0,0,0,1,0.10298752784729004,0.0,0.0,0,0,1,1.375657904
1763957464.075874,ABITstarkConfigDefault,7,79,9,2,A,B,B,3.285539150238037,1.4234630891138802,1.4234630891138802,0.03,0,0,0,1,0.10035896301269531,0.0,0.0,0,0,2,1.375657904
1763957467.1688995,ABITstarkConfigDefault,7,79,9,3,A,B,B,4.3806846141815186,1.4234630891138802,1.1812972300274545,0.03,0,1,1,0,0.1608123779296875,4.600948948,1.3663075199999999,82,17,2,2.741965424
1763957469.4712973,ABITstarkConfigDefault,7,79,9,4,A,B,B,6.590954065322876,1.1812972300274545,0.984233881203549,0.03,0,1,1,0,0.12094950675964355,3.439554614,1.397630311,47,17,2,4.139595735
1763957471.6410959,ABITstarkConfigDefault,7,79,9,5,A,B,B,8.909150123596191,0.984233881203549,1.0687729293533679,0.03,0,1,1,0,0.10199284553527832,3.17967526,1.396361782,54,22,2,5.535957517
1763957473.9452853,ABITstarkConfigDefault,7,79,9,6,A,B,B,11.05090856552124,1.0687729293533679,0.9937792561775687,0.03,0,1,1,0,0.20983266830444336,4.435754376,1.343784579,60,13,2,6.879742096
1763957476.139683,ABITstarkConfigDefault,7,79,9,7,A,B,B,13.359677076339722,0.9937792561775687,0.6082247644173265,0.03,0,1,1,0,0.1384873390197754,2.6051881999999997,1.3778985320000001,28,16,2,8.257640628
1763957478.335145,ABITstarkConfigDefault,7,79,9,8,A,B,B,15.584760189056396,0.6082247644173265,0.05715019204442086,0.03,0,1,1,0,0.10161757469177246,1.688972008,1.3434019830000001,13,12,2,9.601042611
1763957479.4356465,ABITstarkConfigDefault,7,79,9,9,A,B,B,17.74966597557068,0.05715019204442086,8.64126971622907e-05,0.03,1,1,1,0,0.15703248977661133,0.343342652,0.343342652,2,2,2,9.944385263000001
1763957481.6497605,SPARSkConfigDefault,8,80,0,0,B,A,A,0.11937141418457031,1.4500739654131096,1.3407268233726146,0.03,0,1,1,0,0.11215472221374512,3.918581011,1.379541054,73,21,0,1.379541054
1763957483.9430168,SPARSkConfigDefault,8,80,0,1,B,A,A,2.3032326698303223,1.3407268233726146,0.9728376971495198,0.03,0,1,1,0,0.19528603553771973,3.763888888,1.394834145,65,20,0,2.7743751989999996
1763957486.0381868,SPARSkConfigDefault,8,80,0,2,B,A,A,4.615158796310425,0.9728376971495198,1.2655569229909962,0.03,0,1,1,0,0.12898755073547363,3.537036284,1.376631857,63,21,0,4.151007055999999
1763957488.335592,SPARSkConfigDefault,8,80,0,3,B,A,A,6.714370012283325,1.2655569229909962,1.0451141585891197,0.03,0,1,1,0,0.19825005531311035,3.997585185,1.377822513,58,16,0,5.528829568999999
1763957490.662913,SPARSkConfigDefault,8,80,0,4,B,A,A,8.99690055847168,1.0451141585891197,0.8268753363633972,0.03,0,1,1,0,0.1541147232055664,4.050151535,1.359245439,63,17,0,6.8880750079999995
1763957495.9048622,SPARSkConfigDefault,8,80,0,5,B,A,A,11.298131227493286,0.8268753363633972,0.8268753363633972,0.03,0,0,0,1,5.1542651653289795,0.0,0.0,0,0,1,6.8880750079999995
1763957498.2006292,SPARSkConfigDefault,8,80,0,6,B,A,A,16.607887744903564,0.8268753363633972,0.4821153378526765,0.03,0,1,1,0,0.10751008987426758,3.410695708,1.395428936,50,19,1,8.283503944
1763957500.4920385,SPARSkConfigDefault,8,80,0,7,B,A,A,18.855506658554077,0.4821153378526765,0.19354072592429494,0.03,0,1,1,0,0.21412181854248047,2.713802085,1.369586586,32,18,1,9.65309053
1763957502.5023603,SPARSkConfigDefault,8,80,0,8,B,A,A,21.157037258148193,0.19354072592429494,0.026904031116811607,0.03,1,1,1,0,0.15839838981628418,1.7419022480000002,1.276732169,15,13,1,10.929822699
1763957504.692089,SPARSkConfigDefault,8,81,1,0,A,B,B,0.08789825439453125,1.4668208870765558,1.4862815241128742,0.03,0,1,1,0,0.14076638221740723,4.403930153,1.374856697,84,20,0,1.374856697
1763957506.8977737,SPARSkConfigDefault,8,81,1,1,A,B,B,2.2869749069213867,1.4862815241128742,1.1997346491329828,0.03,0,1,1,0,0.1500990390777588,4.887924456,1.389211827,62,20,0,2.764068524
1763957509.191871,SPARSkConfigDefault,8,81,1,2,A,B,B,4.496607542037964,1.1997346491329828,0.662546102828235,0.03,0,1,1,0,0.22807908058166504,2.702033048,1.373468234,26,14,0,4.1375367579999995
1763957511.291228,SPARSkConfigDefault,8,81,1,3,A,B,B,6.794338703155518,0.662546102828235,0.11697471201031079,0.03,0,1,1,0,0.14562201499938965,1.832606618,1.310453101,13,11,0,5.447989859
1763957512.8041914,SPARSkConfigDefault,8,81,1,4,A,B,B,8.955196857452393,0.11697471201031079,8.607375503938404e-05,0.03,1,1,1,0,0.08018660545349121,0.729927581,0.729927581,3,3,0,6.17791744
1763957514.9984279,SPARSkConfigDefault,8,82,2,0,B,A,A,0.08763813972473145,1.4500647863266483,1.237327900450641,0.03,0,1,1,0,0.16786694526672363,3.9935415709999997,1.362076813,72,19,0,1.362076813
1763957517.3623095,SPARSkConfigDefault,8,82,2,1,B,A,A,2.299924850463867,1.237327900450641,1.2132785382812197,0.03,0,1,1,0,0.19141507148742676,7.074311811,1.3510857600000001,78,12,0,2.713162573
1763957519.4962354,SPARSkConfigDefault,8,82,2,2,B,A,A,4.585351228713989,1.2132785382812197,1.0456172697946928,0.03,0,1,1,0,0.1522834300994873,3.046894867,1.397262199,64,28,0,4.110424772
1763957521.7078493,SPARSkConfigDefault,8,82,2,3,B,A,A,6.795033931732178,1.0456172697946928,1.1931550593198554,0.03,0,1,1,0,0.12253093719482422,3.380567998,1.394987023,61,23,0,5.5054117950000006
1763957523.8943713,SPARSkConfigDefault,8,82,2,4,B,A,A,8.99326753616333,1.1931550593198554,1.0111534487759153,0.03,0,1,1,0,0.12785601615905762,4.137059155,1.366265367,86,22,0,6.871677162000001
1763957526.1379395,SPARSkConfigDefault,8,82,2,5,B,A,A,11.188481330871582,1.0111534487759153,1.1616919535380232,0.03,0,1,1,0,0.14057278633117676,3.860235905,1.374005824,83,24,0,8.245682986
1763957528.2915137,SPARSkConfigDefault,8,82,2,6,B,A,A,13.40460205078125,1.1616919535380232,0.8652187551098208,0.03,0,1,1,0,0.11734676361083984,3.042431994,1.37188308,48,21,0,9.617566066
1763957530.5947762,SPARSkConfigDefault,8,82,2,7,B,A,A,15.593683958053589,0.8652187551098208,0.2962830946084989,0.03,0,1,1,0,0.15677142143249512,2.184730582,1.3547882549999999,28,20,0,10.972354321000001
1763957532.5971646,SPARSkConfigDefault,8,82,2,8,B,A,A,17.90402054786682,0.2962830946084989,6.830921345768268e-05,0.03,1,1,1,0,0.1100471019744873,1.2037231130000001,1.2037231130000001,9,9,0,12.176077434000002
1763957537.8372393,SPARSkConfigDefault,8,83,3,0,A,B,B,0.09525036811828613,1.4499415198261174,1.4499415198261174,0.03,0,0,0,1,5.124846935272217,0.0,0.0,0,0,1,0.0
1763957539.994933,SPARSkConfigDefault,8,83,3,1,A,B,B,5.318146228790283,1.4499415198261174,1.4542667502075795,0.03,0,1,1,0,0.13253164291381836,4.790224745,1.365924833,77,8,1,1.365924833
1763957540.2854242,SPARSkConfigDefault,8,83,3,2,A,B,B,7.493840217590332,1.4542667502075795,1.4542667502075795,0.03,0,0,0,1,0.18694424629211426,0.0,0.0,0,0,2,1.365924833
1763957542.5947292,SPARSkConfigDefault,8,83,3,3,A,B,B,7.735853672027588,1.4542667502075795,1.3631694105768537,0.03,0,1,1,0,0.14948511123657227,4.780973186,1.364317108,78,15,2,2.730241941
1763957544.7971432,SPARSkConfigDefault,8,83,3,4,A,B,B,10.101298809051514,1.3631694105768537,1.1190143839984337,0.03,0,1,1,0,0.10627436637878418,3.544349083,1.357070637,51,17,2,4.087312578000001
1763957547.020096,SPARSkConfigDefault,8,83,3,5,A,B,B,12.30024528503418,1.1190143839984337,0.6188699029902298,0.03,0,1,1,0,0.1188955307006836,2.9420363590000003,1.356286485,38,17,2,5.443599063000001
1763957549.097073,SPARSkConfigDefault,8,83,3,6,A,B,B,14.498394250869751,0.6188699029902298,0.14318565491043084,0.03,0,1,1,0,0.14229583740234375,2.007390228,1.322849795,18,14,2,6.766448858
1763957550.7924178,SPARSkConfigDefault,8,83,3,7,A,B,B,16.597972631454468,0.14318565491043084,9.605709318831806e-05,0.03,1,1,1,0,0.17373132705688477,0.958247625,0.958247625,6,6,2,7.724696483000001
1763957552.992699,SPARSkConfigDefault,8,84,4,0,B,A,A,0.12100625038146973,1.4500102636036427,1.4025761118098121,0.03,0,1,1,0,0.22956609725952148,4.011049662,1.364968608,72,19,0,1.364968608
1763957555.2123885,SPARSkConfigDefault,8,84,4,1,B,A,A,2.2996177673339844,1.4025761118098121,1.0678302477832342,0.03,0,1,1,0,0.13988447189331055,3.196081348,1.390942163,64,26,0,2.755910771
1763957557.494752,SPARSkConfigDefault,8,84,4,2,B,A,A,4.50111198425293,1.0678302477832342,0.8099084804485549,0.03,0,1,1,0,0.1661386489868164,3.755481483,1.371357114,57,17,0,4.127267885
1763957559.6913774,SPARSkConfigDefault,8,84,4,3,B,A,A,6.797931909561157,0.8099084804485549,0.4461454668738313,0.03,0,1,1,0,0.14992737770080566,3.043170321,1.364772794,44,19,0,5.4920406790000005
1763957561.9925802,SPARSkConfigDefault,8,84,4,4,B,A,A,8.997872829437256,0.4461454668738313,0.14255734108846602,0.03,0,1,1,0,0.19817185401916504,2.327381273,1.385096951,25,17,0,6.87713763
1763957563.9922276,SPARSkConfigDefault,8,84,4,5,B,A,A,11.3038489818573,0.14255734108846602,0.017917678554331917,0.03,1,1,1,0,0.20314359664916992,1.4542095609999999,1.099128399,9,8,0,7.976266029
1763957566.6600616,SPARSkConfigDefault,8,85,5,0,A,B,B,0.5785775184631348,1.4596672832188162,1.4406218290046335,0.03,0,1,1,0,0.151397705078125,3.924232408,1.3917458090000001,55,16,0,1.3917458090000001
1763957568.7550266,SPARSkConfigDefault,8,85,5,1,A,B,B,2.767019271850586,1.4406218290046335,1.0846245537352943,0.03,0,1,1,0,0.1530144214630127,3.2915903,1.397594818,49,19,0,2.789340627
1763957571.0580282,SPARSkConfigDefault,8,85,5,2,A,B,B,4.876819610595703,1.0846245537352943,0.8449475946371166,0.03,0,1,1,0,0.19645357131958008,3.312220328,1.372455639,46,17,0,4.161796266
1763957573.2548275,SPARSkConfigDefault,8,85,5,3,A,B,B,7.161934852600098,0.8449475946371166,0.17089466754585875,0.03,0,1,1,0,0.16685080528259277,1.976842596,1.377951484,17,14,0,5.53974775
1763957574.8545806,SPARSkConfigDefault,8,85,5,4,A,B,B,9.362763404846191,0.17089466754585875,9.80753291548376e-05,0.03,1,1,1,0,0.12240982055664062,0.832893543,0.832893543,4,4,0,6.372641293
1763957577.0590944,SPARSkConfigDefault,8,86,6,0,B,A,A,0.10133218765258789,1.4500874101117422,1.3214014483422454,0.03,0,1,1,0,0.12020659446716309,3.963706971,1.379598796,66,18,0,1.379598796
1763957579.2689283,SPARSkConfigDefault,8,86,6,1,B,A,A,2.3337042331695557,1.3214014483422454,1.06267773156841,0.03,0,1,1,0,0.11170506477355957,3.921798624,1.3963800659999999,60,17,0,2.7759788619999997
1763957581.4558198,SPARSkConfigDefault,8,86,6,2,B,A,A,4.499026775360107,1.06267773156841,0.8224535277985313,0.03,0,1,1,0,0.147444486618042,4.115918274,1.371857642,59,15,0,4.147836504
1763957583.6622245,SPARSkConfigDefault,8,86,6,3,B,A,A,6.716001272201538,0.8224535277985313,0.5177998675299772,0.03,0,1,1,0,0.12299203872680664,3.465662126,1.3741318040000001,53,18,0,5.521968308
1763957585.9685946,SPARSkConfigDefault,8,86,6,4,B,A,A,8.92183232307434,0.5177998675299772,0.2559501668647063,0.03,0,1,1,0,0.1153719425201416,2.846548556,1.37405561,36,18,0,6.896023918
1763957588.155991,SPARSkConfigDefault,8,86,6,5,B,A,A,11.204479694366455,0.2559501668647063,0.05565465340607915,0.03,0,1,1,0,0.16624021530151367,1.9833458240000001,1.331032638,19,15,0,8.227056556
1763957589.8689964,SPARSkConfigDefault,8,86,6,6,B,A,A,13.402418375015259,0.05565465340607915,8.518340294285707e-05,0.03,1,1,1,0,0.13952350616455078,0.91582572,0.91582572,5,5,0,9.142882276000002
1763957592.057114,SPARSkConfigDefault,8,87,7,0,A,B,B,0.08562636375427246,1.4500797745662632,1.4923239791498213,0.03,0,1,1,0,0.15282464027404785,5.0568477,1.3771555100000001,74,7,0,1.3771555100000001
1763957592.2714462,SPARSkConfigDefault,8,87,7,1,A,B,B,2.2841036319732666,1.4923239791498213,1.4923239791498213,0.03,0,0,0,1,0.1105201244354248,0.0,0.0,0,0,1,1.3771555100000001
1763957594.5551333,SPARSkConfigDefault,8,87,7,2,A,B,B,2.5283756256103516,1.4923239791498213,1.527172995383747,0.03,0,1,1,0,0.1669628620147705,9.988558367,1.351685024,108,6,1,2.728840534
1763957596.8753188,SPARSkConfigDefault,8,87,7,3,A,B,B,4.786534547805786,1.527172995383747,1.3128296083215982,0.03,0,1,1,0,0.19548296928405762,3.9788503090000003,1.384474741,69,20,1,4.113315275
1763957599.0722196,SPARSkConfigDefault,8,87,7,4,A,B,B,7.08793044090271,1.3128296083215982,1.0577059893667589,0.03,0,1,1,0,0.13789868354797363,3.393757862,1.353018522,46,16,1,5.466333797
1763957601.2620397,SPARSkConfigDefault,8,87,7,5,A,B,B,9.290260553359985,1.0577059893667589,1.1674840388353966,0.03,0,1,1,0,0.10278105735778809,4.086919841,1.373400247,70,18,1,6.839734044
1763957604.0459335,SPARSkConfigDefault,8,87,7,6,A,B,B,11.489386558532715,1.1674840388353966,1.027931482181874,0.03,0,1,1,0,0.1912846565246582,4.860514084,1.369681002,59,15,1,8.209415046
1763957606.2338135,SPARSkConfigDefault,8,87,7,7,A,B,B,14.270817756652832,1.027931482181874,0.8230832608189002,0.03,0,1,1,0,0.15050911903381348,5.283457489,1.380353059,58,13,1,9.589768105000001
1763957608.6342325,SPARSkConfigDefault,8,87,7,8,A,B,B,16.467814922332764,0.8230832608189002,0.8410336859186417,0.03,0,1,1,0,0.14061808586120605,2.907794558,1.392407875,43,21,1,10.982175980000001
1763957610.9359932,SPARSkConfigDefault,8,87,7,9,A,B,B,18.86460518836975,0.8410336859186417,0.8058040373145114,0.03,0,1,1,0,0.12372589111328125,2.944678062,1.38552388,41,19,1,12.367699860000002
1763957613.1428485,SPARSkConfigDefault,8,87,7,10,A,B,B,21.178497076034546,0.8058040373145114,0.9253726664114457,0.03,0,1,1,0,0.11614704132080078,3.52591406,1.363377085,46,15,1,13.731076945000002
1763957615.3363338,SPARSkConfigDefault,8,87,7,11,A,B,B,23.406548500061035,0.9253726664114457,0.7935456155966697,0.03,0,1,1,0,0.07084941864013672,3.922742482,1.386232262,69,20,1,15.117309207000002
1763957617.5358965,SPARSkConfigDefault,8,87,7,12,A,B,B,25.569517612457275,0.7935456155966697,0.7854388411178644,0.03,0,1,1,0,0.17036151885986328,3.267454488,1.3602170230000001,51,19,1,16.477526230000002
1763957619.744312,SPARSkConfigDefault,8,87,7,13,A,B,B,27.768964529037476,0.7854388411178644,0.8347061350367239,0.03,0,1,1,0,0.1490185260772705,3.339217986,1.3686526159999999,57,21,1,17.846178846
1763957621.9440427,SPARSkConfigDefault,8,87,7,14,A,B,B,29.99165415763855,0.8347061350367239,0.7035356252865981,0.03,0,1,1,0,0.130615234375,4.304068611,1.375433772,63,15,1,19.221612618
1763957624.143821,SPARSkConfigDefault,8,87,7,15,A,B,B,32.163474559783936,0.7035356252865981,0.9027623863960132,0.03,0,1,1,0,0.13803982734680176,3.8431739929999997,1.3631528880000001,70,20,1,20.584765506000004
1763957626.3454719,SPARSkConfigDefault,8,87,7,16,A,B,B,34.36337208747864,0.9027623863960132,0.6590792472661482,0.03,0,1,1,0,0.14777231216430664,2.8692037360000002,1.3749587220000001,42,20,1,21.959724228000002
1763957628.5357964,SPARSkConfigDefault,8,87,7,17,A,B,B,36.57129669189453,0.6590792472661482,0.15636448838676045,0.03,0,1,1,0,0.17249083518981934,2.029286292,1.3855477299999999,25,20,1,23.345271958
1763957630.235092,SPARSkConfigDefault,8,87,7,18,A,B,B,38.780449628829956,0.15636448838676045,7.515530813317676e-05,0.03,1,1,1,0,0.14632487297058105,0.910027107,0.910027107,6,6,1,24.255299065000003
1763957632.437119,SPARSkConfigDefault,8,88,8,0,B,A,A,0.096343994140625,1.4499974536398559,1.324829970711528,0.03,0,1,1,0,0.13931059837341309,3.8022382070000003,1.369963139,74,22,0,1.369963139
1763957634.4343045,SPARSkConfigDefault,8,88,8,1,B,A,A,2.2940988540649414,1.324829970711528,1.2607545888220675,0.03,0,1,1,0,0.13371491432189941,5.056547267,1.191413575,75,9,0,2.5613767139999997
1763957636.6337895,SPARSkConfigDefault,8,88,8,2,B,A,A,4.303728103637695,1.2607545888220675,0.7714703353511697,0.03,0,1,1,0,0.1755213737487793,3.582674867,1.38479324,63,21,0,3.9461699539999997
1763957638.8389952,SPARSkConfigDefault,8,88,8,3,B,A,A,6.495610952377319,0.7714703353511697,1.0925041437952696,0.03,0,1,1,0,0.22755932807922363,5.187900483,1.39051449,83,21,0,5.336684443999999
1763957641.1355307,SPARSkConfigDefault,8,88,8,4,B,A,A,8.693920135498047,1.0925041437952696,0.5192506140934021,0.03,0,1,1,0,0.19492816925048828,3.028748947,1.387956153,60,27,0,6.724640597
1763957646.4644392,SPARSkConfigDefault,8,88,8,5,B,A,A,11.010686874389648,0.5192506140934021,0.5192506140934021,0.03,0,0,0,1,5.182784557342529,0.0,0.0,0,0,1,6.724640597
1763957648.639324,SPARSkConfigDefault,8,88,8,6,B,A,A,16.306994676589966,0.5192506140934021,0.11993779762138898,0.03,0,1,1,0,0.1685960292816162,2.14803698,1.365954977,34,25,1,8.090595574
1763957650.5399668,SPARSkConfigDefault,8,88,8,7,B,A,A,18.525285482406616,0.11993779762138898,5.1857346329512095e-05,0.03,1,1,1,0,0.14688992500305176,1.099783912,1.099783912,10,10,1,9.190379486
1763957652.7396438,SPARSkConfigDefault,8,89,9,0,A,B,B,0.10586977005004883,1.4500193286875047,1.3758097271833207,0.03,0,1,1,0,0.11649346351623535,4.793979286,1.368787813,89,18,0,1.368787813
1763957654.9398696,SPARSkConfigDefault,8,89,9,1,A,B,B,2.3003101348876953,1.3758097271833207,1.3310522761357382,0.03,0,1,1,0,0.1369028091430664,4.184150927,1.378495505,67,17,0,2.747283318
1763957657.814423,SPARSkConfigDefault,8,89,9,2,A,B,B,4.519250869750977,1.3310522761357382,1.3569903317512422,0.03,0,1,1,0,0.17583084106445312,6.364416796,1.381183222,80,16,0,4.12846654
1763957659.9980059,SPARSkConfigDefault,8,89,9,3,A,B,B,7.35442328453064,1.3569903317512422,0.7774950477671543,0.03,0,1,1,0,0.15207839012145996,2.6532718859999997,1.373344866,29,16,0,5.501811406
1763957662.2008111,SPARSkConfigDefault,8,89,9,4,A,B,B,9.562822818756104,0.7774950477671543,0.20426900020181532,0.03,0,1,1,0,0.12661457061767578,2.067041064,1.36321642,22,17,0,6.865027826
1763957664.0059636,SPARSkConfigDefault,8,89,9,5,A,B,B,11.75436782836914,0.20426900020181532,4.639613078196735e-05,0.03,1,1,1,0,0.17679095268249512,1.014225506,1.014225506,5,5,0,7.879253332
1763957666.1983774,STRIDEkConfigDefault,9,90,0,0,B,A,A,0.08842921257019043,1.450036735501587,1.25729444844546,0.03,0,1,1,0,0.1909315586090088,7.577787742,1.346475159,87,15,0,1.346475159
1763957668.5983193,STRIDEkConfigDefault,9,90,0,1,B,A,A,2.2937567234039307,1.25729444844546,1.0492628144574137,0.03,0,1,1,0,0.253154993057251,3.640637055,1.366501669,56,18,0,2.712976828
1763957670.7949858,STRIDEkConfigDefault,9,90,0,2,B,A,A,4.709203481674194,1.0492628144574137,0.9458599334590152,0.03,0,1,1,0,0.1298513412475586,3.790841587,1.3925131020000001,79,24,0,4.10548993
1763957673.0028586,STRIDEkConfigDefault,9,90,0,3,B,A,A,6.890613079071045,0.9458599334590152,1.1548230574511549,0.03,0,1,1,0,0.1757826805114746,3.547500873,1.378531865,68,23,0,5.484021795
1763957675.197906,STRIDEkConfigDefault,9,90,0,4,B,A,A,9.09027624130249,1.1548230574511549,1.1693137052898677,0.03,0,1,1,0,0.1547245979309082,3.499971392,1.370298293,65,22,0,6.854320088000001
1763957677.4083335,STRIDEkConfigDefault,9,90,0,5,B,A,A,11.289875745773315,1.1693137052898677,0.82617874320944,0.03,0,1,1,0,0.141038179397583,3.5604504710000002,1.381472123,70,24,0,8.235792211
1763957679.5965924,STRIDEkConfigDefault,9,90,0,6,B,A,A,13.50105905532837,0.82617874320944,0.45699317257075006,0.03,0,1,1,0,0.1575031280517578,3.050345273,1.397771005,51,23,0,9.633563215999999
1763957681.7993226,STRIDEkConfigDefault,9,90,0,7,B,A,A,15.708590269088745,0.45699317257075006,0.14865908187786545,0.03,0,1,1,0,0.09618997573852539,2.211484425,1.379607185,29,21,0,11.013170400999998
1763957683.7473934,STRIDEkConfigDefault,9,90,0,8,B,A,A,17.895848512649536,0.14865908187786545,9.113748282235266e-05,0.03,1,1,1,0,0.1739041805267334,1.133839831,1.133839831,9,9,0,12.147010231999998
1763957688.9796867,STRIDEkConfigDefault,9,91,1,0,A,B,B,0.04904651641845703,1.4499633303168564,1.4499633303168564,0.03,0,0,0,1,5.132630109786987,0.0,0.0,0,0,1,0.0
1763957691.0960321,STRIDEkConfigDefault,9,91,1,1,A,B,B,5.238810777664185,1.4499633303168564,1.4693555993146477,0.03,0,1,1,0,0.10564708709716797,3.883113355,1.397305275,56,16,1,1.397305275
1763957693.5014977,STRIDEkConfigDefault,9,91,1,2,A,B,B,7.4149415493011475,1.4693555993146477,1.258721051387688,0.03,0,1,1,0,0.27744054794311523,4.340508577,1.39433413,67,16,1,2.7916394049999997
1763957693.7194526,STRIDEkConfigDefault,9,91,1,3,A,B,B,9.815917015075684,1.258721051387688,1.258721051387688,0.03,0,0,0,1,0.11197590827941895,0.0,0.0,0,0,2,2.7916394049999997
1763957696.7966814,STRIDEkConfigDefault,9,91,1,4,A,B,B,10.825558185577393,1.258721051387688,1.0524471891867975,0.03,0,1,1,0,0.16370129585266113,4.41689081,1.390401624,45,6,2,4.182041029
1763957698.89602,STRIDEkConfigDefault,9,91,1,5,A,B,B,13.12105107307434,1.0524471891867975,0.9618719417327929,0.03,0,1,1,0,0.15938091278076172,3.749367707,1.397885369,70,22,2,5.579926398
1763957701.0975142,STRIDEkConfigDefault,9,91,1,6,A,B,B,15.238755464553833,0.9618719417327929,0.7533889616091468,0.03,0,1,1,0,0.12404894828796387,3.066283546,1.398566357,47,21,2,6.9784927549999995
1763957703.4080327,STRIDEkConfigDefault,9,91,1,7,A,B,B,17.428018808364868,0.7533889616091468,0.8364631056785713,0.03,0,1,1,0,0.18951678276062012,3.244533004,1.375075797,41,16,2,8.353568551999999
1763957705.6006186,STRIDEkConfigDefault,9,91,1,8,A,B,B,19.719507932662964,0.8364631056785713,0.5013234799034569,0.03,0,1,1,0,0.21764659881591797,2.687016032,1.367969699,31,17,2,9.721538250999998
1763957707.7958643,STRIDEkConfigDefault,9,91,1,9,A,B,B,21.916513204574585,0.5013234799034569,0.046761582375063344,0.03,0,1,1,0,0.15930962562561035,1.612678761,1.282100647,13,12,2,11.003638897999998
1763957708.9960916,STRIDEkConfigDefault,9,91,1,10,A,B,B,24.117733001708984,0.046761582375063344,6.365659168231525e-05,0.03,1,1,1,0,0.21470332145690918,0.326071076,0.326071076,2,2,2,11.329709973999998
1763957711.4000976,STRIDEkConfigDefault,9,92,2,0,B,A,A,0.09830856323242188,1.449990756492581,1.2611306143875631,0.03,0,1,1,0,0.13744497299194336,4.016968226,1.391654036,81,23,0,1.391654036
1763957713.596349,STRIDEkConfigDefault,9,92,2,1,B,A,A,2.497303009033203,1.2611306143875631,1.327866720590465,0.03,0,1,1,0,0.1717219352722168,3.711904261,1.383451999,70,22,0,2.7751060350000003
1763957715.9046297,STRIDEkConfigDefault,9,92,2,2,B,A,A,4.701629877090454,1.327866720590465,1.2484045969396829,0.03,0,1,1,0,0.20226669311523438,4.481270264,1.358099456,60,9,0,4.133205491
1763957718.201401,STRIDEkConfigDefault,9,92,2,3,B,A,A,7.023311614990234,1.2484045969396829,0.8683189571159379,0.03,0,1,1,0,0.20563268661499023,3.174206721,1.383373902,66,27,0,5.516579393
1763957720.49758,STRIDEkConfigDefault,9,92,2,4,B,A,A,9.29742956161499,0.8683189571159379,1.2158642940794837,0.03,0,1,1,0,0.1941053867340088,3.5006174530000003,1.377101249,65,22,0,6.893680642
1763957722.6966257,STRIDEkConfigDefault,9,92,2,5,B,A,A,11.602469205856323,1.2158642940794837,1.2187007981610163,0.03,0,1,1,0,0.1281421184539795,4.057933838,1.370477354,80,21,0,8.264157996
1763957724.801496,STRIDEkConfigDefault,9,92,2,6,B,A,A,13.799696922302246,1.2187007981610163,1.2561373679618342,0.03,0,1,1,0,0.10890889167785645,3.566525394,1.380023762,83,28,0,9.644181758
1763957727.1064963,STRIDEkConfigDefault,9,92,2,7,B,A,A,15.901054620742798,1.2561373679618342,1.1548699490671375,0.03,0,1,1,0,0.21325349807739258,3.192200519,1.382761044,66,26,0,11.026942802
1763957729.3132343,STRIDEkConfigDefault,9,92,2,8,B,A,A,18.201841592788696,1.1548699490671375,1.0228629136917002,0.03,0,1,1,0,0.14136481285095215,3.533012372,1.397494158,79,28,0,12.424436960000001
1763957731.5069535,STRIDEkConfigDefault,9,92,2,9,B,A,A,20.413313150405884,1.0228629136917002,0.9978655320277298,0.03,0,1,1,0,0.14942383766174316,3.3779091660000002,1.397703847,67,25,0,13.822140807000002
1763957733.698789,STRIDEkConfigDefault,9,92,2,10,B,A,A,22.631003379821777,0.9978655320277298,1.0366950889362037,0.03,0,1,1,0,0.15298032760620117,3.704629274,1.39910184,62,20,0,15.221242647000002
1763957735.8966608,STRIDEkConfigDefault,9,92,2,11,B,A,A,24.801347494125366,1.0366950889362037,0.6183693709750976,0.03,0,1,1,0,0.1502828598022461,2.7496186959999998,1.395641033,44,23,0,16.61688368
1763957738.0984967,STRIDEkConfigDefault,9,92,2,12,B,A,A,27.007915258407593,0.6183693709750976,0.08793048297892554,0.03,0,1,1,0,0.12628722190856934,1.880490423,1.385212677,22,19,0,18.002096357
1763957739.7117074,STRIDEkConfigDefault,9,92,2,13,B,A,A,29.202800273895264,0.08793048297892554,6.179081428680392e-05,0.03,1,1,1,0,0.15285325050354004,0.682548341,0.682548341,4,4,0,18.684644698
1763957742.010739,STRIDEkConfigDefault,9,93,3,0,A,B,B,0.09411239624023438,1.450060124328947,1.4421531517160864,0.03,0,1,1,0,0.138228178024292,4.805595267,1.391210944,85,17,0,1.391210944
1763957744.2960367,STRIDEkConfigDefault,9,93,3,1,A,B,B,2.3830437660217285,1.4421531517160864,1.3462957134023634,0.03,0,1,1,0,0.20275449752807617,6.767062909,1.368784037,85,16,0,2.759994981
1763957744.5656555,STRIDEkConfigDefault,9,93,3,2,A,B,B,4.684341907501221,1.3462957134023634,1.3462957134023634,0.03,0,0,0,1,0.16270112991333008,0.0,0.0,0,0,1,2.759994981
1763957746.7027428,STRIDEkConfigDefault,9,93,3,3,A,B,B,4.884099006652832,1.3462957134023634,1.3355119820389278,0.03,0,1,1,0,0.13141942024230957,4.046359337,1.367270333,65,17,1,4.127265314000001
1763957748.8971434,STRIDEkConfigDefault,9,93,3,4,A,B,B,7.108396053314209,1.3355119820389278,1.1068451193617148,0.03,0,1,1,0,0.15177369117736816,3.324850439,1.362733042,50,18,1,5.489998356000001
1763957751.1015866,STRIDEkConfigDefault,9,93,3,5,A,B,B,9.297478914260864,1.1068451193617148,1.0329171431532047,0.03,0,1,1,0,0.14150071144104004,3.383604712,1.381299139,47,17,1,6.871297495000001
1763957753.295634,STRIDEkConfigDefault,9,93,3,6,A,B,B,11.483817338943481,1.0329171431532047,0.7452791286248114,0.03,0,1,1,0,0.14643645286560059,3.380207715,1.389760616,58,22,1,8.261058111
1763957755.4960542,STRIDEkConfigDefault,9,93,3,7,A,B,B,13.697349309921265,0.7452791286248114,0.39869507058451753,0.03,0,1,1,0,0.11062288284301758,2.839194471,1.3830651760000001,40,20,1,9.644123287000001
1763957757.9270794,STRIDEkConfigDefault,9,93,3,8,A,B,B,15.965201377868652,0.39869507058451753,0.07884078165327783,0.03,0,1,1,0,0.1391606330871582,1.883857576,1.331740384,18,15,1,10.975863671
1763957759.4243906,STRIDEkConfigDefault,9,93,3,9,A,B,B,18.311100244522095,0.07884078165327783,9.54056801911808e-05,0.03,1,1,1,0,0.17408323287963867,0.770111143,0.770111143,4,4,1,11.745974814
1763957761.7250822,STRIDEkConfigDefault,9,94,4,0,B,A,A,0.10464596748352051,1.4499847433810407,1.2593145195465916,0.03,0,1,1,0,0.14792490005493164,4.016549656,1.384039557,63,17,0,1.384039557
1763957762.0086455,STRIDEkConfigDefault,9,94,4,1,B,A,A,2.4010632038116455,1.2593145195465916,1.2593145195465916,0.03,0,0,0,1,0.16941404342651367,0.0,0.0,0,0,1,1.384039557
1763957764.130025,STRIDEkConfigDefault,9,94,4,2,B,A,A,2.605015993118286,1.2593145195465916,1.3915348256863591,0.03,0,1,1,0,0.14815235137939453,4.716300234,1.384254371,78,7,1,2.768293928
1763957766.4235058,STRIDEkConfigDefault,9,94,4,3,B,A,A,4.799865961074829,1.3915348256863591,1.2427214131555018,0.03,0,1,1,0,0.24692654609680176,3.806721759,1.3800842850000001,57,17,1,4.148378213
1763957769.639223,STRIDEkConfigDefault,9,94,4,4,B,A,A,7.0928075313568115,1.2427214131555018,0.9755282228167385,0.03,0,1,1,0,1.150573968887329,3.729087877,1.39378957,58,18,1,5.542167783
1763957771.848037,STRIDEkConfigDefault,9,94,4,5,B,A,A,10.29985523223877,0.9755282228167385,1.246319439685264,0.03,0,1,1,0,0.1251986026763916,3.92562384,1.39174446,74,21,1,6.933912243
1763957774.0327528,STRIDEkConfigDefault,9,94,4,6,B,A,A,12.50594162940979,1.246319439685264,0.8088155034593846,0.03,0,1,1,0,0.14476513862609863,3.673792759,1.399597318,56,24,1,8.333509561
1763957776.2349555,STRIDEkConfigDefault,9,94,4,7,B,A,A,14.724382877349854,0.8088155034593846,0.2182766114544525,0.03,0,1,1,0,0.14901280403137207,2.259243512,1.381846359,27,19,1,9.71535592
1763957778.3383002,STRIDEkConfigDefault,9,94,4,8,B,A,A,16.90684962272644,0.2182766114544525,9.134316948628271e-05,0.03,1,1,1,0,0.15092921257019043,1.21807073,1.21807073,9,9,1,10.933426650000001
1763957780.5329175,STRIDEkConfigDefault,9,95,5,0,A,B,B,0.09674882888793945,1.4500870260459569,1.453813175211903,0.03,0,1,1,0,0.15308094024658203,3.848559262,1.373761465,70,20,0,1.373761465
1763957782.8330734,STRIDEkConfigDefault,9,95,5,1,A,B,B,2.314516305923462,1.453813175211903,1.2579842654864886,0.03,0,1,1,0,0.138962984085083,3.916590712,1.3715174079999999,54,15,0,2.745278873
1763957788.0879428,STRIDEkConfigDefault,9,95,5,2,A,B,B,4.590663909912109,1.2579842654864886,1.2579842654864886,0.03,0,0,0,1,5.134653329849243,0.0,0.0,0,0,1,2.745278873
1763957790.2174838,STRIDEkConfigDefault,9,95,5,3,A,B,B,9.784157037734985,1.2579842654864886,0.9096252476401006,0.03,0,1,1,0,0.13653063774108887,3.245829323,1.3530426389999999,40,15,1,4.098321512
1763957792.416624,STRIDEkConfigDefault,9,95,5,4,A,B,B,11.979364156723022,0.9096252476401006,0.4222718276733511,0.03,0,1,1,0,0.1767425537109375,2.5826488210000003,1.391871632,27,16,1,5.490193144
1763957794.5159237,STRIDEkConfigDefault,9,95,5,5,A,B,B,14.176281213760376,0.4222718276733511,0.03941776018811875,0.03,0,1,1,0,0.1899416446685791,1.640410015,1.296798567,12,11,1,6.786991711
1763957795.6267729,STRIDEkConfigDefault,9,95,5,6,A,B,B,16.2775137424469,0.03941776018811875,7.080572197976776e-05,0.03,1,1,1,0,0.13144659996032715,0.343597725,0.343597725,2,2,1,7.130589436
1763957797.8195577,STRIDEkConfigDefault,9,96,6,0,B,A,A,0.0994875431060791,1.450013529318424,1.304694612401899,0.03,0,1,1,0,0.1559915542602539,4.036104491,1.363560928,62,17,0,1.363560928
1763957800.0220397,STRIDEkConfigDefault,9,96,6,1,B,A,A,2.3045897483825684,1.304694612401899,1.009069572054463,0.03,0,1,1,0,0.1290745735168457,3.830807126,1.398274239,51,15,0,2.761835167
1763957802.2194145,STRIDEkConfigDefault,9,96,6,2,B,A,A,4.488057851791382,1.009069572054463,0.7801683471253289,0.03,0,1,1,0,0.11046242713928223,3.985133265,1.360586883,66,18,0,4.12242205
1763957804.4158263,STRIDEkConfigDefault,9,96,6,3,B,A,A,6.691537380218506,0.7801683471253289,0.48036859972228074,0.03,0,1,1,0,0.13036727905273438,2.961498869,1.3958898739999999,37,17,0,5.518311924
1763957806.6325076,STRIDEkConfigDefault,9,96,6,4,B,A,A,8.888159990310669,0.48036859972228074,0.1398472985768134,0.03,0,1,1,0,0.13624238967895508,2.202053602,1.376401886,22,16,0,6.89471381
1763957808.6341724,STRIDEkConfigDefault,9,96,6,5,B,A,A,11.089993715286255,0.1398472985768134,8.655023159200672e-05,0.03,1,1,1,0,0.16221213340759277,1.169719403,1.169719403,7,7,0,8.064433213
1763957810.8216937,STRIDEkConfigDefault,9,97,7,0,A,B,B,0.0809791088104248,1.4499749161732012,1.3833395333658962,0.03,0,1,1,0,0.1480715274810791,4.103776437,1.362456714,63,16,0,1.362456714
1763957813.1158805,STRIDEkConfigDefault,9,97,7,1,A,B,B,2.2840025424957275,1.3833395333658962,0.9308686787959286,0.03,0,1,1,0,0.19217967987060547,6.786923642,1.384811651,72,18,0,2.747268365
1763957813.3466876,STRIDEkConfigDefault,9,97,7,2,A,B,B,4.580412864685059,0.9308686787959286,0.9308686787959286,0.03,0,0,0,1,0.11909770965576172,0.0,0.0,0,0,1,2.747268365
1763957813.5325508,STRIDEkConfigDefault,9,97,7,3,A,B,B,4.781108140945435,0.9308686787959286,0.9308686787959286,0.03,0,0,0,1,0.10299181938171387,0.0,0.0,0,0,2,2.747268365
1763957816.015105,STRIDEkConfigDefault,9,97,7,4,A,B,B,5.281519889831543,0.9308686787959286,0.7154117171818364,0.03,0,1,1,0,0.14206266403198242,6.368347475,1.325909742,85,5,2,4.073178107
1763957818.2169752,STRIDEkConfigDefault,9,97,7,5,A,B,B,7.490825176239014,0.7154117171818364,0.9311950731106794,0.03,0,1,1,0,0.15383172035217285,3.598904897,1.369266783,54,17,2,5.442444890000001
1763957820.3270104,STRIDEkConfigDefault,9,97,7,6,A,B,B,9.685028791427612,0.9311950731106794,0.7910915381704685,0.03,0,1,1,0,0.1970517635345459,4.240006335,1.3603786,58,14,2,6.802823490000001
1763957822.6310232,STRIDEkConfigDefault,9,97,7,7,A,B,B,11.79934048652649,0.7910915381704685,0.5903895133031931,0.03,0,1,1,0,0.1491527557373047,3.275251293,1.352568372,39,15,2,8.155391862
1763957824.858942,STRIDEkConfigDefault,9,97,7,8,A,B,B,14.095794200897217,0.5903895133031931,0.2640328571956665,0.03,0,1,1,0,0.2109358310699463,2.504608593,1.389756536,26,16,2,9.545148398
1763957826.9161792,STRIDEkConfigDefault,9,97,7,9,A,B,B,16.301915884017944,0.2640328571956665,0.027536951974507222,0.03,1,1,1,0,0.17415809631347656,1.551255141,1.202387001,11,10,2,10.747535399
1763957829.122041,STRIDEkConfigDefault,9,98,8,0,B,A,A,0.09949707984924316,1.449036950911859,1.2459468827521776,0.03,0,1,1,0,0.14765429496765137,3.6344521739999998,1.392607687,62,20,0,1.392607687
1763957831.51699,STRIDEkConfigDefault,9,98,8,1,B,A,A,2.2979159355163574,1.2459468827521776,1.2559319723791313,0.03,0,1,1,0,0.310626745223999,3.976788621,1.358284631,66,18,0,2.750892318
1763957833.9208827,STRIDEkConfigDefault,9,98,8,2,B,A,A,4.761699438095093,1.2559319723791313,1.1972146747438899,0.03,0,1,1,0,0.08502602577209473,3.853460713,1.384872713,65,19,0,4.135765031
1763957836.1163344,STRIDEkConfigDefault,9,98,8,3,B,A,A,7.095571756362915,1.1972146747438899,0.7447568980744923,0.03,0,1,1,0,0.14437222480773926,3.19819117,1.387174635,47,19,0,5.522939666
1763957838.3171046,STRIDEkConfigDefault,9,98,8,4,B,A,A,9.299674034118652,0.7447568980744923,0.9693514345853267,0.03,0,1,1,0,0.13230609893798828,4.083360541,1.3661340069999999,67,17,0,6.889073673
1763957840.616251,STRIDEkConfigDefault,9,98,8,5,B,A,A,11.540385723114014,0.9693514345853267,0.9416124984375799,0.03,0,1,1,0,0.20513916015625,3.475004726,1.3728260429999999,51,17,0,8.261899716
1763957842.8220403,STRIDEkConfigDefault,9,98,8,6,B,A,A,13.806201457977295,0.9416124984375799,0.5068833918244633,0.03,0,1,1,0,0.15392756462097168,2.5858512129999998,1.381083357,36,21,0,9.642983073
1763957845.0178168,STRIDEkConfigDefault,9,98,8,7,B,A,A,15.994085550308228,0.5068833918244633,0.035455297212572075,0.03,0,1,1,0,0.25907325744628906,1.6199547989999998,1.3277344549999999,16,15,0,10.970717528
1763957845.2363632,STRIDEkConfigDefault,9,98,8,8,B,A,A,18.195270538330078,0.035455297212572075,0.035455297212572075,0.03,0,0,0,1,0.10503363609313965,0.0,0.0,0,0,1,10.970717528
1763957848.2356424,STRIDEkConfigDefault,9,98,8,9,B,A,A,19.19980263710022,0.035455297212572075,0.19508208983080957,0.03,0,1,1,0,0.1712474822998047,5.498380495,1.364992715,74,6,1,12.335710243
1763957850.3153048,STRIDEkConfigDefault,9,98,8,10,B,A,A,21.39517617225647,0.19508208983080957,9.514423090888915e-05,0.03,1,1,1,0,0.1491091251373291,1.287086133,1.287086133,9,9,1,13.622796376
1763957852.616185,STRIDEkConfigDefault,9,99,9,0,A,B,B,0.10264301300048828,1.4500330902655858,1.2755528155389817,0.03,0,1,1,0,0.16928648948669434,3.6250980569999998,1.397868776,58,19,0,1.397868776
1763957854.8319473,STRIDEkConfigDefault,9,99,9,1,A,B,B,2.402743339538574,1.2755528155389817,0.8189004968847322,0.03,0,1,1,0,0.11689305305480957,3.63278733,1.388027256,47,15,0,2.785896032
1763957857.0292354,STRIDEkConfigDefault,9,99,9,2,A,B,B,4.598883628845215,0.8189004968847322,0.28623833353110395,0.03,0,1,1,0,0.16431546211242676,2.34661928,1.397537885,28,19,0,4.183433917
1763957859.217566,STRIDEkConfigDefault,9,99,9,3,A,B,B,6.7989182472229,0.28623833353110395,6.0742223690537754e-05,0.03,1,1,1,0,0.13140392303466797,1.323823302,1.323823302,10,10,0,5.507257219
1763957861.4149108,BFMTkConfigDefault,10,100,0,0,B,A,A,0.09904742240905762,1.4499859739501761,1.2487183744675552,0.03,0,1,1,0,0.12937331199645996,4.012718797,1.3957969669999999,69,19,0,1.3957969669999999
1763957863.615997,BFMTkConfigDefault,10,100,0,1,B,A,A,2.3079636096954346,1.2487183744675552,0.9871237814620014,0.03,0,1,1,0,0.11983180046081543,4.033873194,1.393683857,55,7,0,2.789480824
1763957863.8309436,BFMTkConfigDefault,10,100,0,2,B,A,A,4.500548601150513,0.9871237814620014,0.9871237814620014,0.03,0,0,0,1,0.1027517318725586,0.0,0.0,0,0,1,2.789480824
1763957866.7170885,BFMTkConfigDefault,10,100,0,3,B,A,A,5.509349584579468,0.9871237814620014,1.1584467772184042,0.03,0,1,1,0,0.15710806846618652,10.19661903,1.319148332,131,5,1,4.108629156
1763957868.916974,BFMTkConfigDefault,10,100,0,4,B,A,A,7.597294330596924,1.1584467772184042,1.150703424559676,0.03,0,1,1,0,0.16582441329956055,5.522495152,1.3318040789999999,64,17,1,5.440433235
1763957871.1221278,BFMTkConfigDefault,10,100,0,5,B,A,A,9.797352313995361,1.150703424559676,0.7408776707020225,0.03,0,1,1,0,0.18759441375732422,3.197925671,1.399696482,43,18,1,6.840129717
1763957873.3152556,BFMTkConfigDefault,10,100,0,6,B,A,A,11.997361660003662,0.7408776707020225,0.5588750717844349,0.03,0,1,1,0,0.25830602645874023,4.057490659,1.3684111620000001,55,14,1,8.208540879000001
1763957875.515823,BFMTkConfigDefault,10,100,0,7,B,A,A,14.199769496917725,0.5588750717844349,0.3381642563912756,0.03,0,1,1,0,0.12502217292785645,3.105584723,1.395976307,35,15,1,9.604517186
1763957877.7171252,BFMTkConfigDefault,10,100,0,8,B,A,A,16.39588451385498,0.3381642563912756,0.1373165984297146,0.03,0,1,1,0,0.1409616470336914,2.39550851,1.322473862,21,13,1,10.926991048000001
1763957879.6149213,BFMTkConfigDefault,10,100,0,9,B,A,A,18.59950566291809,0.1373165984297146,0.017243358869153565,0.03,1,1,1,0,0.12918639183044434,1.451244187,1.091900899,9,8,1,12.018891947000002
1763957881.9194458,BFMTkConfigDefault,10,101,1,0,A,B,B,0.10024404525756836,1.448892060090792,1.4233928505571682,0.03,0,1,1,0,0.20229744911193848,5.038145424,1.379528554,97,18,0,1.379528554
1763957884.3182166,BFMTkConfigDefault,10,101,1,1,A,B,B,2.400527000427246,1.4233928505571682,1.4870205445809808,0.03,0,1,1,0,0.19292807579040527,5.847819867,1.370028971,100,21,0,2.749557525
1763957889.6218786,BFMTkConfigDefault,10,101,1,2,A,B,B,4.798975467681885,1.4870205445809808,1.4870205445809808,0.03,0,0,0,1,5.2000815868377686,0.0,0.0,0,0,1,2.749557525
1763957891.7882235,BFMTkConfigDefault,10,101,1,3,A,B,B,10.070367097854614,1.4870205445809808,1.371706256713459,0.03,0,1,1,0,0.15411043167114258,3.992371992,1.3885680040000001,71,20,1,4.138125529
1763957892.0374022,BFMTkConfigDefault,10,101,1,4,A,B,B,12.27175760269165,1.371706256713459,1.371706256713459,0.03,0,0,0,1,0.14608478546142578,0.0,0.0,0,0,2,4.138125529
1763957894.2313528,BFMTkConfigDefault,10,101,1,5,A,B,B,12.494617700576782,1.371706256713459,1.1493293665556235,0.03,0,1,1,0,0.13908171653747559,5.202987318,1.376962641,59,6,2,5.51508817
1763957896.3935635,BFMTkConfigDefault,10,101,1,6,A,B,B,14.671254634857178,1.1493293665556235,0.9564531405745563,0.03,0,1,1,0,0.13842010498046875,3.192812623,1.392246758,49,20,2,6.907334928
1763957898.588965,BFMTkConfigDefault,10,101,1,7,A,B,B,16.870089054107666,0.9564531405745563,0.6633278065919396,0.03,0,1,1,0,0.09547257423400879,2.897636558,1.3588911590000001,30,14,2,8.266226087
1763957900.7137523,BFMTkConfigDefault,10,101,1,8,A,B,B,19.076849460601807,0.6633278065919396,0.08996011252490407,0.03,0,1,1,0,0.1314232349395752,1.750427537,1.316923818,17,15,2,9.583149904999999
1763957902.986854,BFMTkConfigDefault,10,101,1,9,A,B,B,21.17641282081604,0.08996011252490407,0.8382644346589919,0.03,0,1,1,0,0.2145247459411621,3.611077176,1.393216835,51,17,2,10.97636674
1763957905.0949411,BFMTkConfigDefault,10,101,1,10,A,B,B,23.474303722381592,0.8382644346589919,0.4632342251367507,0.03,0,1,1,0,0.14420342445373535,2.625196584,1.369440393,25,14,2,12.345807133
1763957907.3852878,BFMTkConfigDefault,10,101,1,11,A,B,B,25.5698401927948,0.4632342251367507,0.8618230176515038,0.03,0,1,1,0,0.22070074081420898,3.331981109,1.372085952,41,15,2,13.717893085
1763957909.5852041,BFMTkConfigDefault,10,101,1,12,A,B,B,27.882575035095215,0.8618230176515038,0.8753733002601338,0.03,0,1,1,0,0.16265606880187988,3.9706004950000002,1.343544789,50,13,2,15.061437874
1763957911.7853158,BFMTkConfigDefault,10,101,1,13,A,B,B,30.10069990158081,0.8753733002601338,0.355738765006908,0.03,0,1,1,0,0.07442569732666016,2.207312575,1.364789655,21,15,2,16.426227529
1763957914.084726,BFMTkConfigDefault,10,101,1,14,A,B,B,32.27312898635864,0.355738765006908,0.08026051944805652,0.03,0,1,1,0,0.19164800643920898,1.781364884,1.333100074,7,5,2,17.759327603
1763957915.5957,BFMTkConfigDefault,10,101,1,15,A,B,B,34.572035789489746,0.08026051944805652,9.902148349324166e-05,0.03,1,1,1,0,0.21672368049621582,0.628077021,0.628077021,3,3,2,18.387404624
1763957917.8848367,BFMTkConfigDefault,10,102,2,0,B,A,A,0.03094935417175293,1.4500767553167526,1.3172654538681288,0.03,0,1,1,0,0.20959734916687012,3.995978209,1.349588797,56,15,0,1.349588797
1763957920.1881614,BFMTkConfigDefault,10,102,2,1,B,A,A,2.3261148929595947,1.3172654538681288,1.0406068060013676,0.03,0,1,1,0,0.12668561935424805,3.209868973,1.36581924,52,20,0,2.715408037
1763957922.5900054,BFMTkConfigDefault,10,102,2,2,B,A,A,4.645086288452148,1.0406068060013676,1.365289530892501,0.03,0,1,1,0,0.28345680236816406,4.103518625,1.389118919,94,26,0,4.104526956
1763957925.004475,BFMTkConfigDefault,10,102,2,3,B,A,A,7.035874366760254,1.365289530892501,1.191631640055363,0.03,0,1,1,0,0.2985880374908447,5.589172738,1.387943911,71,17,0,5.492470867
1763957927.346563,BFMTkConfigDefault,10,102,2,4,B,A,A,9.473037481307983,1.191631640055363,0.8104494371073695,0.03,0,1,1,0,0.2971365451812744,3.122235515,1.384290964,50,21,0,6.876761831
1763957929.8179467,BFMTkConfigDefault,10,102,2,5,B,A,A,11.734591484069824,0.8104494371073695,0.681848489093469,0.03,0,1,1,0,0.22909283638000488,3.716243643,1.383235173,63,21,0,8.259997003999999
1763957932.1311927,BFMTkConfigDefault,10,102,2,6,B,A,A,14.225805044174194,0.681848489093469,1.1247451149517729,0.03,0,1,1,0,0.2095177173614502,3.934003147,1.3777931909999999,86,24,0,9.637790195
1763957934.414857,BFMTkConfigDefault,10,102,2,7,B,A,A,16.525850534439087,1.1247451149517729,0.8020012909688726,0.03,0,1,1,0,0.1554863452911377,3.258659813,1.3863147169999999,49,19,0,11.024104911999999
1763957936.6042976,BFMTkConfigDefault,10,102,2,8,B,A,A,18.828697681427002,0.8020012909688726,0.33212168903982864,0.03,0,1,1,0,0.21289849281311035,2.518752854,1.3965926419999999,31,19,0,12.420697553999998
1763957938.7855299,BFMTkConfigDefault,10,102,2,9,B,A,A,21.02751922607422,0.33212168903982864,0.028031770165623755,0.03,1,1,1,0,0.16240739822387695,1.570273639,1.250515939,13,12,0,13.671213492999998
1763957941.04261,BFMTkConfigDefault,10,103,3,0,A,B,B,0.09309887886047363,1.4542929256432535,1.3523425348250833,0.03,0,1,1,0,0.14983272552490234,3.961432657,1.380775304,66,18,0,1.380775304
1763957943.1907864,BFMTkConfigDefault,10,103,3,1,A,B,B,2.309401750564575,1.3523425348250833,1.2268415736920977,0.03,0,1,1,0,0.10671138763427734,4.096356418,1.357857189,59,15,0,2.738632493
1763957945.4924695,BFMTkConfigDefault,10,103,3,2,A,B,B,4.490825176239014,1.2268415736920977,1.0907034889202032,0.03,0,1,1,0,0.19183731079101562,3.802500211,1.3705206269999999,48,14,0,4.10915312
1763957947.7870934,BFMTkConfigDefault,10,103,3,3,A,B,B,6.790970087051392,1.0907034889202032,0.9800266734175803,0.03,0,1,1,0,0.1641545295715332,3.101108073,1.350077626,37,15,0,5.459230746
1763957949.9862921,BFMTkConfigDefault,10,103,3,4,A,B,B,9.093446969985962,0.9800266734175803,0.7364479391132328,0.03,0,1,1,0,0.1566920280456543,3.813838838,1.393272027,64,20,0,6.852502773
1763957952.1859713,BFMTkConfigDefault,10,103,3,5,A,B,B,11.307014465332031,0.7364479391132328,0.5104386933235827,0.03,0,1,1,0,0.11868548393249512,3.471663887,1.361531925,51,17,0,8.214034698
1763957955.5584786,BFMTkConfigDefault,10,103,3,6,A,B,B,13.504098176956177,0.5104386933235827,0.24323562741763485,0.03,0,1,1,0,0.15388894081115723,3.339921485,1.3838621070000001,43,16,0,9.597896805000001
1763957957.7708461,BFMTkConfigDefault,10,103,3,7,A,B,B,16.8635733127594,0.24323562741763485,0.7803714736342072,0.03,0,1,1,0,0.14158320426940918,4.722978472,1.354100272,57,14,0,10.951997077000001
1763957959.956127,BFMTkConfigDefault,10,103,3,8,A,B,B,19.061973571777344,0.7803714736342072,0.592576205851553,0.03,0,1,1,0,0.1803896427154541,3.253139521,1.3767166149999999,44,17,0,12.328713692000001
1763957962.1588094,BFMTkConfigDefault,10,103,3,9,A,B,B,21.28441882133484,0.592576205851553,0.25858607328157207,0.03,0,1,1,0,0.14039826393127441,2.851614332,1.397621048,42,21,0,13.72633474
1763957964.9596143,BFMTkConfigDefault,10,103,3,10,A,B,B,23.492292642593384,0.25858607328157207,0.09718545378664642,0.03,0,1,1,0,0.1348435878753662,2.60333397,1.395483506,22,8,0,15.121818246
1763957967.178954,BFMTkConfigDefault,10,103,3,11,A,B,B,26.26417899131775,0.09718545378664642,0.02714104809664546,0.03,1,1,1,0,0.15515661239624023,2.386715646,1.339170135,19,12,0,16.460988381
1763957969.3593073,BFMTkConfigDefault,10,104,4,0,B,A,A,0.07603955268859863,1.4619891452798481,1.3796769130856934,0.03,0,1,1,0,0.15270209312438965,6.504878702,1.376067785,100,15,0,1.376067785
1763957971.6657743,BFMTkConfigDefault,10,104,4,1,B,A,A,2.290783166885376,1.3796769130856934,1.2620905845774815,0.03,0,1,1,0,0.15807080268859863,3.922951718,1.397664126,83,24,0,2.773731911
1763957973.8595426,BFMTkConfigDefault,10,104,4,2,B,A,A,4.575016975402832,1.2620905845774815,1.1867307616945495,0.03,0,1,1,0,0.11824750900268555,3.546975358,1.394156266,68,23,0,4.167888177
1763957975.9625754,BFMTkConfigDefault,10,104,4,3,B,A,A,6.776071310043335,1.1867307616945495,1.075952319961073,0.03,0,1,1,0,0.1186378002166748,3.485912089,1.392869646,66,23,0,5.560757823
1763957978.4596534,BFMTkConfigDefault,10,104,4,4,B,A,A,8.874940872192383,1.075952319961073,0.6176062956025724,0.03,0,1,1,0,0.33138537406921387,3.089910886,1.365598237,43,18,0,6.92635606
1763957980.6747563,BFMTkConfigDefault,10,104,4,5,B,A,A,11.376203298568726,0.6176062956025724,0.21053072408579482,0.03,0,1,1,0,0.1470930576324463,2.315633925,1.3971145360000001,26,18,0,8.323470596
1763957982.7607763,BFMTkConfigDefault,10,104,4,6,B,A,A,13.577991962432861,0.21053072408579482,9.391156012515641e-05,0.03,1,1,1,0,0.19060659408569336,1.279975501,1.279975501,9,9,0,9.603446096999999
1763957988.0870523,BFMTkConfigDefault,10,105,5,0,A,B,B,0.10277509689331055,1.4500597432120554,1.4500597432120554,0.03,0,0,0,1,5.216134071350098,0.0,0.0,0,0,1,0.0
1763957990.260785,BFMTkConfigDefault,10,105,5,1,A,B,B,5.431171655654907,1.4500597432120554,1.549277164380983,0.03,0,1,1,0,0.10869598388671875,4.615901735,1.375910482,84,18,1,1.375910482
1763957992.4595072,BFMTkConfigDefault,10,105,5,2,A,B,B,7.621813774108887,1.549277164380983,1.378186226037037,0.03,0,1,1,0,0.11272978782653809,5.020302378,1.3582244430000001,59,15,1,2.734134925
1763957994.762261,BFMTkConfigDefault,10,105,5,3,A,B,B,9.8176429271698,1.378186226037037,1.3455282247772828,0.03,0,1,1,0,0.20074152946472168,4.126929204,1.373198537,59,15,1,4.107333462
1763957997.1660597,BFMTkConfigDefault,10,105,5,4,A,B,B,12.110801219940186,1.3455282247772828,0.8416738356973446,0.03,0,1,1,0,0.18826794624328613,2.860135215,1.365792083,38,18,1,5.473125545
1763957999.3608456,BFMTkConfigDefault,10,105,5,5,A,B,B,14.49922800064087,0.8416738356973446,0.26955955058685743,0.03,0,1,1,0,0.14695477485656738,2.325102964,1.395583991,29,20,1,6.868709536000001
1763958001.4621773,BFMTkConfigDefault,10,105,5,6,A,B,B,16.699889659881592,0.26955955058685743,7.740323438684728e-05,0.03,1,1,1,0,0.15340256690979004,1.31122419,1.31122419,8,8,1,8.179933726000002
1763958003.7592707,BFMTkConfigDefault,10,106,6,0,B,A,A,0.10059881210327148,1.4500064624460685,1.233570637426335,0.03,0,1,1,0,0.2031567096710205,3.998464021,1.399702875,76,21,0,1.399702875
1763958005.9597745,BFMTkConfigDefault,10,106,6,1,B,A,A,2.4167838096618652,1.233570637426335,0.8895407396521511,0.03,0,1,1,0,0.10693025588989258,3.330295774,1.399100009,45,17,0,2.798802884
1763958008.1613364,BFMTkConfigDefault,10,106,6,2,B,A,A,4.596944570541382,0.8895407396521511,1.0836347318034922,0.03,0,1,1,0,0.13845443725585938,4.075031077,1.398692641,68,18,0,4.197495525
1763958010.4006257,BFMTkConfigDefault,10,106,6,3,B,A,A,6.795727252960205,1.0836347318034922,1.0054961550165051,0.03,0,1,1,0,0.14766883850097656,3.374135667,1.3588905740000001,51,18,0,5.556386099
1763958012.5636246,BFMTkConfigDefault,10,106,6,4,B,A,A,9.003527641296387,1.0054961550165051,0.624535602356072,0.03,0,1,1,0,0.1331944465637207,2.803619756,1.382977537,34,17,0,6.9393636359999995
1763958014.7597604,BFMTkConfigDefault,10,106,6,5,B,A,A,11.196581602096558,0.624535602356072,0.1551944962943474,0.03,0,1,1,0,0.2111985683441162,1.983174668,1.3118580020000001,18,14,0,8.251221638
1763958016.4713604,BFMTkConfigDefault,10,106,6,6,B,A,A,13.397701025009155,0.1551944962943474,5.125994914563986e-05,0.03,1,1,1,0,0.1650831699371338,0.889127978,0.889127978,5,5,0,9.140349616
1763958018.6606324,BFMTkConfigDefault,10,107,7,0,A,B,B,0.08972668647766113,1.4499972280504712,1.2770540584400831,0.03,0,1,1,0,0.1850450038909912,3.7899720329999997,1.389939782,60,18,0,1.389939782
1763958020.961309,BFMTkConfigDefault,10,107,7,1,A,B,B,2.294290542602539,1.2770540584400831,1.2486145182896389,0.03,0,1,1,0,0.19847679138183594,4.886388237,1.383815588,88,17,0,2.77375537
1763958023.1587968,BFMTkConfigDefault,10,107,7,2,A,B,B,4.58929967880249,1.2486145182896389,1.0925391079577509,0.03,0,1,1,0,0.15175795555114746,4.083545624,1.399240114,60,16,0,4.172995483999999
1763958025.3692772,BFMTkConfigDefault,10,107,7,3,A,B,B,6.791362285614014,1.0925391079577509,0.8739064944575448,0.03,0,1,1,0,0.12018680572509766,3.593238511,1.3882183989999999,52,17,0,5.561213882999999
1763958027.7585056,BFMTkConfigDefault,10,107,7,4,A,B,B,8.990009307861328,0.8739064944575448,0.4711202828757443,0.03,0,1,1,0,0.24333739280700684,2.848402151,1.358208253,37,18,0,6.919422135999999
1763958030.0602224,BFMTkConfigDefault,10,107,7,5,A,B,B,11.38651442527771,0.4711202828757443,0.8991720943850624,0.03,0,1,1,0,0.19989514350891113,3.47926795,1.377842232,65,23,0,8.297264367999999
1763958032.2585893,BFMTkConfigDefault,10,107,7,6,A,B,B,13.685887575149536,0.8991720943850624,0.8776887956836928,0.03,0,1,1,0,0.16257214546203613,4.246377107,1.372105447,59,14,0,9.669369815
1763958034.4659371,BFMTkConfigDefault,10,107,7,7,A,B,B,15.885169267654419,0.8776887956836928,0.6310816244556731,0.03,0,1,1,0,0.14798712730407715,2.902543574,1.3639060170000001,43,20,0,11.033275832
1763958039.6842613,BFMTkConfigDefault,10,107,7,8,A,B,B,18.09418773651123,0.6310816244556731,0.6310816244556731,0.03,0,0,0,1,5.111906290054321,0.0,0.0,0,0,1,11.033275832
1763958042.3619132,BFMTkConfigDefault,10,107,7,9,A,B,B,23.274296283721924,0.6310816244556731,0.1913194299187907,0.03,0,1,1,0,0.18262696266174316,2.133033233,1.375819804,28,21,1,12.409095636
1763958044.2223876,BFMTkConfigDefault,10,107,7,10,A,B,B,25.95172953605652,0.1913194299187907,8.007321505129664e-05,0.03,1,1,1,0,0.16236257553100586,1.03657962,1.03657962,7,7,1,13.445675256
1763958046.4233134,BFMTkConfigDefault,10,108,8,0,B,A,A,0.08853673934936523,1.4499477489392743,1.2040663913795,0.03,0,1,1,0,0.12743091583251953,3.780827217,1.356344992,53,16,0,1.356344992
1763958048.724481,BFMTkConfigDefault,10,108,8,1,B,A,A,2.3311662673950195,1.2040663913795,1.1186115839799307,0.03,0,1,1,0,0.10903668403625488,3.597116419,1.368242458,66,21,0,2.72458745
1763958050.92141,BFMTkConfigDefault,10,108,8,2,B,A,A,4.587759017944336,1.1186115839799307,0.8398684828838213,0.03,0,1,1,0,0.1656961441040039,3.966121115,1.390647783,54,15,0,4.115235233
1763958053.2221775,BFMTkConfigDefault,10,108,8,3,B,A,A,6.7879438400268555,0.8398684828838213,1.1174264551318183,0.03,0,1,1,0,0.2076716423034668,4.176978351,1.378749869,79,20,0,5.493985102
1763958055.4702804,BFMTkConfigDefault,10,108,8,4,B,A,A,9.089505672454834,1.1174264551318183,1.1125031720983343,0.03,0,1,1,0,0.1350538730621338,3.57121426,1.384304666,65,22,0,6.878289768
1763958058.3216968,BFMTkConfigDefault,10,108,8,5,B,A,A,11.285120725631714,1.1125031720983343,0.932392237208766,0.03,0,1,1,0,0.14847230911254883,3.711157925,1.359195801,47,14,0,8.237485569
1763958060.5298028,BFMTkConfigDefault,10,108,8,6,B,A,A,14.195395708084106,0.932392237208766,0.8737225595848892,0.03,0,1,1,0,0.15660953521728516,3.21613166,1.377973396,51,21,0,9.615458965
1763958062.9206395,BFMTkConfigDefault,10,108,8,7,B,A,A,16.389191389083862,0.8737225595848892,0.8641109663853973,0.03,0,1,1,0,0.13590598106384277,3.889865368,1.376120819,69,20,0,10.991579784
1763958065.2657578,BFMTkConfigDefault,10,108,8,8,B,A,A,18.79691433906555,0.8641109663853973,0.721222298437109,0.03,0,1,1,0,0.19314289093017578,3.652053892,1.378730469,64,20,0,12.370310253000001
1763958067.7310677,BFMTkConfigDefault,10,108,8,9,B,A,A,21.09861660003662,0.721222298437109,0.5454721196182168,0.03,0,1,1,0,0.3345468044281006,3.927973782,1.3825548890000001,78,22,0,13.752865142000001
1763958069.8209405,BFMTkConfigDefault,10,108,8,10,B,A,A,23.58961772918701,0.5454721196182168,0.3320113067594129,0.03,0,1,1,0,0.18371200561523438,2.977918708,1.379537387,47,21,0,15.132402529
1763958072.0197034,BFMTkConfigDefault,10,108,8,11,B,A,A,25.688748121261597,0.3320113067594129,0.73771136793122,0.03,0,1,1,0,0.17481160163879395,4.617374706,1.355135344,94,12,0,16.487537873
1763958072.237153,BFMTkConfigDefault,10,108,8,12,B,A,A,27.887019872665405,0.73771136793122,0.73771136793122,0.03,0,0,0,1,0.11287879943847656,0.0,0.0,0,0,1,16.487537873
1763958075.122235,BFMTkConfigDefault,10,108,8,13,B,A,A,28.886839866638184,0.73771136793122,0.7102950158557025,0.03,0,1,1,0,0.13310742378234863,7.683410906,1.312734668,81,5,1,17.800272541000002
1763958077.4275732,BFMTkConfigDefault,10,108,8,14,B,A,A,30.994496822357178,0.7102950158557025,0.25489058967492695,0.03,0,1,1,0,0.2533857822418213,3.114567692,1.37249865,56,24,1,19.172771191000002
1763958079.8211434,BFMTkConfigDefault,10,108,8,15,B,A,A,33.29478335380554,0.25489058967492695,0.1270110143343962,0.03,0,1,1,0,0.25053834915161133,2.56347823,1.369853463,32,19,1,20.542624654
1763958082.019954,BFMTkConfigDefault,10,108,8,16,B,A,A,35.69097685813904,0.1270110143343962,0.010620129733453323,0.03,1,1,1,0,0.22117257118225098,1.638522094,1.324938336,14,13,1,21.86756299
1763958084.2321877,BFMTkConfigDefault,10,109,9,0,A,B,B,0.11557722091674805,1.4580363426652252,1.4535788830053717,0.03,0,1,1,0,0.14107799530029297,7.230391675,1.369817751,108,21,0,1.369817751
1763958089.5062556,BFMTkConfigDefault,10,109,9,1,A,B,B,2.3014700412750244,1.4535788830053717,1.4535788830053717,0.03,0,0,0,1,5.170751094818115,0.0,0.0,0,0,1,1.369817751
1763958091.624832,BFMTkConfigDefault,10,109,9,2,A,B,B,7.522359132766724,1.4535788830053717,1.2530151645638206,0.03,0,1,1,0,0.13474321365356445,3.690073059,1.38669824,64,20,1,2.756515991
1763958094.0129302,BFMTkConfigDefault,10,109,9,3,A,B,B,9.699796676635742,1.2530151645638206,0.9052543110329,0.03,0,1,1,0,0.18343639373779297,3.63101585,1.3920847109999999,45,15,1,4.1486007019999995
1763958096.1369014,BFMTkConfigDefault,10,109,9,4,A,B,B,11.999945163726807,0.9052543110329,0.5595563705458919,0.03,0,1,1,0,0.14505267143249512,3.857529241,1.364964982,64,18,1,5.513565684
1763958098.3272681,BFMTkConfigDefault,10,109,9,5,A,B,B,14.209045886993408,0.5595563705458919,0.3315936013036123,0.03,0,1,1,0,0.15666699409484863,2.905606661,1.398284472,31,15,1,6.911850156
1763958100.5227273,BFMTkConfigDefault,10,109,9,6,A,B,B,16.401415586471558,0.3315936013036123,0.104594713090196,0.03,0,1,1,0,0.11582636833190918,2.227752173,1.360012091,14,10,1,8.271862247
1763958102.5270183,BFMTkConfigDefault,10,109,9,7,A,B,B,18.60000729560852,0.104594713090196,4.369563327976788e-05,0.03,1,1,1,0,0.15282487869262695,1.169278181,1.169278181,5,5,1,9.441140427999999
1763958104.6243334,RRTConnectkConfigDefault,0,110,0,0,B,A,A,0.09900474548339844,1.4500190140096092,1.2523567950166465,0.03,0,1,1,0,0.1570112705230713,3.947981312,1.3808971460000001,58,16,0,1.3808971460000001
1763958106.8297815,RRTConnectkConfigDefault,0,110,0,1,B,A,A,2.197503089904785,1.2523567950166465,1.3499246642736795,0.03,0,1,1,0,0.1821885108947754,4.186874209,1.3636467780000001,80,20,0,2.7445439240000002
1763958109.022679,RRTConnectkConfigDefault,0,110,0,2,B,A,A,4.395249366760254,1.3499246642736795,1.1643627179193954,0.03,0,1,1,0,0.15690970420837402,3.558945369,1.368297166,60,20,0,4.11284109
1763958111.2355506,RRTConnectkConfigDefault,0,110,0,3,B,A,A,6.601409435272217,1.1643627179193954,1.039077765766522,0.03,0,1,1,0,0.11986804008483887,3.903334806,1.378259524,54,15,0,5.491100614
1763958113.4239771,RRTConnectkConfigDefault,0,110,0,4,B,A,A,8.795381307601929,1.039077765766522,0.6980042319374312,0.03,0,1,1,0,0.1734907627105713,3.500101206,1.387184911,62,21,0,6.878285525
1763958115.7241626,RRTConnectkConfigDefault,0,110,0,5,B,A,A,10.993787050247192,0.6980042319374312,0.3124300645964881,0.03,0,1,1,0,0.18364953994750977,2.831765456,1.392427252,42,21,0,8.270712777
1763958118.2323184,RRTConnectkConfigDefault,0,110,0,6,B,A,A,13.538678884506226,0.3124300645964881,0.3497946453343032,0.03,0,1,1,0,0.09617185592651367,2.864903992,1.398759938,44,22,0,9.669472715
1763958120.422344,RRTConnectkConfigDefault,0,110,0,7,B,A,A,15.810664892196655,0.3497946453343032,0.06232881923809976,0.03,0,1,1,0,0.10993480682373047,1.960577674,1.379896028,18,15,0,11.049368742999999
1763958120.6419835,RRTConnectkConfigDefault,0,110,0,8,B,A,A,17.99417781829834,0.06232881923809976,0.06232881923809976,0.03,0,0,0,1,0.1069035530090332,0.0,0.0,0,0,1,11.049368742999999
1763958121.636354,RRTConnectkConfigDefault,0,110,0,9,B,A,A,18.99190592765808,0.06232881923809976,0.06232881923809976,0.03,0,0,0,1,0.10687899589538574,0.0,0.0,0,0,2,11.049368742999999
1763958124.6209536,RRTConnectkConfigDefault,0,110,0,10,B,A,A,19.907384634017944,0.06232881923809976,0.24054781062065383,0.03,0,1,1,0,0.15684080123901367,4.523532738,1.3418908250000001,47,5,2,12.391259567999999
1763958126.8308098,RRTConnectkConfigDefault,0,110,0,11,B,A,A,22.196415185928345,0.24054781062065383,8.09736664196858e-05,0.03,1,1,1,0,0.14676260948181152,1.341757237,1.341757237,9,9,2,13.733016804999998